;,CEC Title-24 2025 Nonres/Multifamily Compliance Ruleset,,,,,
;,File Hash Look-up Table - CBECC-Com 2025.2.0 (exe:1394 GitHub:~605),,,,,
;,,,,,,
,TABLE CAComFileHashes,,,,,
,,HashID,HaveHash1,Hash1,HaveHash2,Hash2
,,1,1,29ca24f97c4bc76ca6eef39d28339e7ae8c2606c3a7f333d7087e2169ff74d73,0,none
,,2,1,b0578c37549d9e5fee323c9b3b227285892f6410201f729f5e237a1c07653361,0,none
,,3,1,e21cedf691af57dcb7443e82202e29946f1dc97f2923931698d5cb2df1e6c31f,1,23c0ba509f4a61282b9feb6277f7b7eaa00deaf9188f8ab2228b8e10da8d33f6
,,4,1,d8e42f27b7692a0dc0b72c433276bd8a54791a8927a1f36409529309ace2324d,1,a58e9d747df2bb144826ee8dc588e6d02d97283ec9029df8105547df90efbca5
,,5,1,e0a9c8aff16997083990f7003d0409c33e571eb66b0d384f62c424697ed84b1e,1,66e4abb56727422445074e4c1ee9076b5c4b83955c88f6bd3e9ab1602ee48081
,,6,1,291fc53c6cc3c9e5698470ed8e4ce2fc224602faee4b413e40343326fb4f5f5f,1,55f599de3847e32d79c28b1f7e57156b89cb2cb80050c69ea41835a60727c89a
,,7,1,989709a90456c6ce67591708e60ba68b964cc2562d432c11cf6b3bf6a73ed163,1,1dd7827f1a1ab11bbb6953d43acea2bbb3473089976aa2e277c37ae4a7270eb9
,,8,0,none,1,6b87972909668815cbb02fa8474f9890a856a651387d0139a9dc075d439eb231
,,9,0,none,1,b1af5792332f6b17ba37873f5899dab77c2d26f259b2e5972a0c28e96d046a6a
,,10,0,none,1,2e0d290ad8e887fdcb691db68080ebe821b10c36a36e0d32208ab60a01f36f14
,,11,0,none,1,cb53da7ef74fb3123bf567394cf8f8768abf30a59a724a379f6a3320b9bcec77
,,12,0,none,1,e5b53f300bfb18ce213ca552c2292014f92115707f1330c542beabacd7e9a4ec
,,13,0,none,1,2bcac44dfd33edaa1e6e46722922b5f7161d9597c7af83b95ee8f08aed2b63cb
,,14,1,1702f124da61f29cb2185d31edda7a2f36960db72f26bde44dcadeb76b1d9e68,0,none
,,15,1,8923e6b1149237f0fbf77ce838d837ac247c961080e39164853bbd20575789a0,0,none
,,16,1,24693d78816a2db5d72137e42fbabf92a77236e7ee153e63a8a781533c0592fd,0,none
,,17,1,ba862867d75574d27b5627613067fdd3caad83c070ef3242d549da074eb015c2,0,none
,,18,1,fac1b1835f9603a86e7557e87254e370165f52ddd8027e821686576fefb300a6,0,none
,,19,1,54b9dda9a1b6e39525df858910616f882c59c8c70c0190c77e32980e2c670aec,0,none
,,20,1,3659efbfece93597d382f2cba94cf8a864215d664cbb1b422d702d5519100ee5,0,none
,,21,1,2fcdc6554412164c26252f7f9029471ad6004b04896dfac4c32c3710ea84ee55,0,none
,,22,1,f28b7f36cc7f2cf5bfcaa3101fa0f9c316fef261b388b63cc6ac0f4eb3c0fc33,0,none
,,23,1,7936d70783ab596c2d83741f7ec5d2455d6fcf77df8ff3a28a45f5f25ac8f03d,0,none
,,24,1,93212674fb8808c8ca88aed83d71966f0944d232d3098b5b560e55a4db9cd3a2,0,none
,,25,1,b3bf3401ced17f6a1176d8f3ee995698f11f8c1cabbe43aea2fad4e4632e26a8,0,none
,,26,1,38edb6bbf730468abc509bfecbe20ff20d2242e386c3982ea33513cc56e2c826,0,none
,,27,1,4891696a6c429aad5ab83355ee97f097b1b3040eb8d8eed5998c49ca7c93774b,0,none
,,28,1,843be730b3eeaa38d18a4116b7cef5b8a0a4206a6530dd6d9cbf1c29bf914673,0,none
,,29,1,05c197a65cb32055f9288e159cf4dd9a4338b60042432ce5b40100fed4fa2787,0,none
,,30,1,b6b7f867eb67577ffbe77a3fd9bfc9fde34320d28771fd08025aba73f0b099ec,1,b80b73de9db3f54270b327633f33ad68c636dc4e2d2cdcd756ac7ec8e7efe52a
,,31,1,1026f09165c1a6aace6d2fe9a57436e7c5f169af78bc8154f39dcb7ddd6bd7ec,1,92cd24560b6bef1a38bccc3ee7789474fcd792dcb7bf838f4843868305f288b8
,,32,1,bd8a508cba0d65592cefc7edbbaf633b4d6e9aa061a1bcf12f736677367acd06,1,d0c6802a10bdaf42cf8723e361390551b9748b9fd3f9218610c0cc87cdce13fa
,,33,0,none,1,d0c6802a10bdaf42cf8723e361390551b9748b9fd3f9218610c0cc87cdce13fa
,,34,1,661f199d517d8f3fcc325b6b937225193e006c22121590e3f4f62e79b3ad8aa2,0,none
,,35,1,8b948879e0c2d7edf2212a56f0b57fa24e0130ed858d0a89d99363c9d84b674c,0,none
,,*,1,HashIDError,0,none
,ENDTABLE,,,,,
