,,,,,,,Analysis:,,,,Proposed Model:,,,Proposed Model,,,,,,,,,,,,,,,Proposed Model,,,,,,,,,,,,,Proposed Model,,,,,,,,,,,,,Proposed Model,,,,,,,,,,,,,,,,Proposed Model,,,Proposed Model,,,,,,Flexibility,Calculated SSFs,,Standard Model:,,,Standard Model,,,,,,,,,,,,,,,Standard Model,,,,,,,,,,,,,Standard Model,,,,,,,,,,,,,Standard Model,,,,,,,,,,,,,,,Standard Model,,,Standard Model,,,,,,Proposed Model,,,,,,,,,,,,,,,Standard Model,,,,,,,,,,,,,,,Calling,Compliance,,,,Secondary,,,Report Generation,,Proposed Model,,,,,,,,,,,,,,,Proposed Model,,,,,,,,,,,,,Standard Model,,,,,,,,,,,,,,,Standard Model,,,,,,,,,,,,,Proposed Model,,,,,,,,,,,,,,,Standard Model,,,,,,,,,,,,,,,Target Performance:,,,,,,,,,,,,,
,,,,,Conditioned Floor,Total Floor,,,Pass /,Compliance,Elapsed,,,Electric Energy Consumption (kWh),,,,,,,,,,,,,,,Natural Gas Energy Consumption (therms),,,,,,,,,,,,,Propane Energy Consumption (MBtu),,,,,,,,,,,,,Long-term System Cost (LSC) (/ft2),,,,,,,,,,,,,,,,LSC by Fuel (/ft2),,,Cooling Unmet Load Hours,,,Heating Unmet Load Hours,,,Req'd PV,Proposed,Standard,Elapsed,,,Electric Energy Consumption (kWh),,,,,,,,,,,,,,,Natural Gas Energy Consumption (therms),,,,,,,,,,,,,Propane Energy Consumption (MBtu),,,,,,,,,,,,,Long-term System Cost (LSC) (/ft2),,,,,,,,,,,,,,,LSC by Fuel (/ft2),,,Cooling Unmet Load Hours,,,Heating Unmet Load Hours,,,Generation Coincident Peak Demand (kW),,,,,,,,,,,,,,,Generation Coincident Peak Demand (kW),,,,,,,,,,,,,,,Application,Manager,Ruleset,OpenStudio,EnergyPlus,Simulation,,,NRCC/LMCC PRF Processing,,Site Electric CO2 Emissions (tonne),,,,,,,,,,,,,,,Site Fuel CO2 Emissions (tonne),,,,,,,,,,,,,Site Electric CO2 Emissions (tonne),,,,,,,,,,,,,,,Site Fuel CO2 Emissions (tonne),,,,,,,,,,,,,Source Energy Use (kBtu/ft2),,,,,,,,,,,,,,,Source Energy Use (kBtu/ft2),,,,,,,,,,,,,,,LSC (/ft2),,,,,,,Source Energy Use (kBtu/ft2),,,,,,,
Start Date & Time,Filename (saved to),Run Title,Weather Station,Results Set,Area (SqFt),Area (SqFt),Analysis Type,Elapsed Time,Fail,Margin,Time,Rule Eval Status,Simulation Status,Spc Heating,Spc Cooling,Indoor Fans,Ht Reject,Pumps & Misc,Domestic Hot Water,Indoor Lighting,Comp Total,Receptacle,Process,Other Ltg,Proc Mtrs,PV,Battery,TOTAL,Spc Heating,Spc Cooling,Indoor Fans,Ht Reject,Pumps & Misc,Domestic Hot Water,Indoor Lighting,Comp Total,Receptacle,Process,Other Ltg,Proc Mtrs,TOTAL,Spc Heating,Spc Cooling,Indoor Fans,Ht Reject,Pumps & Misc,Domestic Hot Water,Indoor Lighting,Comp Total,Receptacle,Process,Other Ltg,Proc Mtrs,TOTAL,Spc Heating,Spc Cooling,Indoor Fans,Ht Reject,Pumps & Misc,Domestic Hot Water,Indoor Lighting,Flexibility,Comp Total,Receptacle,Process,Other Ltg,Proc Mtrs,PV,Battery,TOTAL,Electric,Natural Gas,Propane,Zone Max,Zone Name,Num Zones Exceed Max,Zone Max,Zone Name,Num Zones Exceed Max,(kW),(frac),(frac),Time,Rule Eval Status,Simulation Status,Spc Heating,Spc Cooling,Indoor Fans,Ht Reject,Pumps & Misc,Domestic Hot Water,Indoor Lighting,Comp Total,Receptacle,Process,Other Ltg,Proc Mtrs,PV,Battery,TOTAL,Spc Heating,Spc Cooling,Indoor Fans,Ht Reject,Pumps & Misc,Domestic Hot Water,Indoor Lighting,Comp Total,Receptacle,Process,Other Ltg,Proc Mtrs,TOTAL,Spc Heating,Spc Cooling,Indoor Fans,Ht Reject,Pumps & Misc,Domestic Hot Water,Indoor Lighting,Comp Total,Receptacle,Process,Other Ltg,Proc Mtrs,TOTAL,Spc Heating,Spc Cooling,Indoor Fans,Ht Reject,Pumps & Misc,Domestic Hot Water,Indoor Lighting,Comp Total,Receptacle,Process,Other Ltg,Proc Mtrs,PV,Battery,TOTAL,Electric,Natural Gas,Propane,Zone Max,Zone Name,Num Zones Exceed Max,Zone Max,Zone Name,Num Zones Exceed Max,Spc Heating,Spc Cooling,Indoor Fans,Ht Reject,Pumps & Misc,Domestic Hot Water,Indoor Lighting,Comp Total,Receptacle,Process,Other Ltg,Proc Mtrs,PV,Battery,TOTAL,Spc Heating,Spc Cooling,Indoor Fans,Ht Reject,Pumps & Misc,Domestic Hot Water,Indoor Lighting,Comp Total,Receptacle,Process,Other Ltg,Proc Mtrs,PV,Battery,TOTAL,Version,Version,Version,Version,Version,Version,Weather File Path,Project Path,Transaction ID,Date/Time,Spc Heating,Spc Cooling,Indoor Fans,Ht Reject,Pumps & Misc,Domestic Hot Water,Indoor Lighting,Comp Total,Receptacle,Process,Other Ltg,Proc Mtrs,PV,Battery,TOTAL,Spc Heating,Spc Cooling,Indoor Fans,Ht Reject,Pumps & Misc,Domestic Hot Water,Indoor Lighting,Comp Total,Receptacle,Process,Other Ltg,Proc Mtrs,TOTAL,Spc Heating,Spc Cooling,Indoor Fans,Ht Reject,Pumps & Misc,Domestic Hot Water,Indoor Lighting,Comp Total,Receptacle,Process,Other Ltg,Proc Mtrs,PV,Battery,TOTAL,Spc Heating,Spc Cooling,Indoor Fans,Ht Reject,Pumps & Misc,Domestic Hot Water,Indoor Lighting,Comp Total,Receptacle,Process,Other Ltg,Proc Mtrs,TOTAL,Spc Heating,Spc Cooling,Indoor Fans,Ht Reject,Pumps & Misc,Domestic Hot Water,Indoor Lighting,Comp Total,Receptacle,Process,Other Ltg,Proc Mtrs,PV,Battery,TOTAL,Spc Heating,Spc Cooling,Indoor Fans,Ht Reject,Pumps & Misc,Domestic Hot Water,Indoor Lighting,Comp Total,Receptacle,Process,Other Ltg,Proc Mtrs,PV,Battery,TOTAL,Efficiency Compliance,Total Compliance,Receptacle,Process,Other Ltg,Proc Mtrs,TOTAL,Efficiency Compliance,Total Compliance,Receptacle,Process,Other Ltg,Proc Mtrs,TOTAL
2025-11-11 19:29:28,"MF117Unit_10Story_ELEC-CZ12","MF117 Restructure Prototype","SACRAMENTO EXECUTIVE","Metrics 2025 (Oct 2022)",125400,137940,"Title24Compliance",12:48,FAIL,-0.94,"--","--","CSE Successful, E+ Successful (146 warnings)",16726.7,53815.5,80417.7,197.81,7315.05,147161,93262.5,123322,211319,186697,29503.7,28835.9,-276493,918.44,579677,926.369,0,0,0,0,0,0,926.369,0,0,0,0,926.369,0,0,0,0,0,0,0,0,0,0,0,0,0,1.55458,2.75716,4.21783,0.00692894,0.363401,7.54783,4.4777,0,9.8388,11.0003,9.71469,1.71422,1.54209,-11.0451,-0.0415443,33.8101,33.3725,0.437544,0,0,,0,0,,0,,,,"--","--","CSE Successful, E+ Successful (150 warnings)",15547.7,52033.8,81784.7,1449.92,7029.91,132787,93262.5,108608,211319,186712,29503.7,28835.9,-276493,1205.9,564978,764.335,0,0,0,0,0,0,764.335,0,0,0,0,764.335,0,0,0,0,0,0,0,0,0,0,0,0,0,1.40795,2.68946,4.26445,0.0533411,0.352748,6.75729,4.4777,8.90187,11.0003,9.71535,1.71422,1.54209,-11.0368,-0.064267,32.8738,32.512,0.361816,0,0,,0,0,,0,7.02276,0.936821,8.27877,0.000242976,0.977364,12.028,7.03436,35.7641,21.1427,13.797,3.42035,3.29178,-0.457449,-0.0567176,77.4159,6.74419,0.964362,8.27436,0.0025105,0.974079,8.84501,7.03436,32.3129,21.1427,13.7972,3.42035,3.29178,-0.457449,-0.0685246,73.9649,"CBECC 2025.2.0 (1394)","BEMCmpMgr 2025.2.0 (605)","CA 2025 Nonresidential, Vers. 1.0","3.10.0+e80a80c812","25.1.0-1c11a3d85f","CSE 0.927.0 EXE","E:\CBECC\2025.2.0_11102025\CBECC 2025 Data\EPW25\","R:\32185Wilcox\2025 CBECC MF\TDS\2.0-11102025\MultiFamilyStandardModelTests\",,,3.0804,2.38444,6.80349,0.00559752,0.741228,12.3602,7.23334,25.75,18.8193,14.9825,3.22057,2.60052,-6.29752,-0.546137,65.37,5.06103,0,0,0,0,0,0,5.06,0,0,0,0,5.06,2.90348,2.31903,6.85356,0.0445898,0.729597,11.1895,7.23334,24.2,18.8193,14.9832,3.22057,2.60052,-6.29752,-0.763228,63.82,4.17579,0,0,0,0,0,0,4.18,0,0,0,0,4.18,1.1331,0.359378,1.02541,0.000843647,0.111716,1.86291,1.09019,4.55208,2.83641,2.25813,0.485397,0.391945,-0.949148,-0.0823127,10.524,0.989448,0.34952,1.03295,0.00672047,0.109963,1.70315,1.09019,4.21777,2.83641,2.25823,0.485397,0.391945,-0.949148,-0.115032,10.1897,,,,,,,,,,,,,,,
2025-11-11 19:37:09,"MF36Unit_3Story_ELEC-CZ01","MF36 Restructure Prototype","CALIFORNIA REDWOOD COAST","Metrics 2025 (Oct 2022)",39264,39372,"Title24Compliance",7:23,FAIL,-0.05,"--","--","CSE Successful",8115.14,354.026,19961.5,0,1845.86,64214.1,22939,25187.7,58722.1,58558.4,9447.57,0,-92241.9,0,151916,0,0,0,0,0,0,0,0,0,0,0,0,0,0,0,0,0,0,0,0,0,0,0,0,0,0,1.62993,0.0543855,3.42876,0,0.358857,11.1089,3.89684,0,8.40799,10.3111,9.84419,1.78254,0,-12.0696,0,30.3458,30.3458,0,0,0,,0,0,,0,,,,"--","--","CSE Successful",8218.04,331.166,19952.8,0,1843.69,63986.5,22939,25055.5,58722.1,58549.4,9447.57,0,-92215.6,0,151775,0,0,0,0,0,0,0,0,0,0,0,0,0,0,0,0,0,0,0,0,0,0,0,0,0,0,1.65022,0.0507604,3.42751,0,0.358441,11.0351,3.89684,8.35273,10.3111,9.84272,1.78254,0,-12.0662,0,30.2891,30.2891,0,0,0,,0,0,,0,1.96055,0.0111662,2.357,0,0.333815,5.26165,2.47547,12.2464,6.74443,4.3175,1.09525,0,-0.15325,0,24.4036,1.98699,0.010175,2.35739,0,0.333295,5.15333,2.47547,12.1635,6.74443,4.31665,1.09525,0,-0.153207,0,24.3198,"CBECC 2025.2.0 (1394)","BEMCmpMgr 2025.2.0 (605)","CA 2025 Nonresidential, Vers. 1.0","","","CSE 0.927.0 EXE","E:\CBECC\2025.2.0_11102025\CBECC 2025 Data\EPW25\","R:\32185Wilcox\2025 CBECC MF\TDS\2.0-11102025\MultiFamilyStandardModelTests\",,,1.30591,0.0197622,1.84331,0,0.249139,5.80104,2.02406,8.92,5.53913,4.6886,1.03128,0,-2.32409,0,20.18,0,0,0,0,0,0,0,0,0,0,0,0,0,1.32154,0.0182969,1.84313,0,0.248821,5.71971,2.02406,8.85,5.53913,4.68788,1.03128,0,-2.32343,0,20.11,0,0,0,0,0,0,0,0,0,0,0,0,0,0.62861,0.00951267,0.887293,0,0.119925,2.79237,0.974297,4.29329,2.6663,2.25689,0.496413,0,-1.11872,0,9.7129,0.636135,0.00880737,0.887207,0,0.119772,2.80981,0.974297,4.31763,2.6663,2.25654,0.496413,0,-1.1184,0,9.73689,,,,,,,,,,,,,,,
2025-11-11 19:44:11,"MF36Unit_3Story_ELEC-CZ02","MF36 Restructure Prototype","SONOMA COUNTY AP","Metrics 2025 (Oct 2022)",39264,39372,"Title24Compliance",6:49,FAIL,-0.12,"--","--","CSE Successful",5914.93,1640.94,20550,0,1550.27,58151.5,22939,13105.3,58722.1,58646.7,9447.57,0,-97641.4,0,139922,0,0,0,0,0,0,0,0,0,0,0,0,0,0,0,0,0,0,0,0,0,0,0,0,0,0,1.25546,0.239821,3.52814,0,0.303589,10.141,3.89842,0,6.58861,10.3062,9.88917,1.7737,0,-12.7778,0,28.5577,28.5577,0,0,0,,0,0,,0,,,,"--","--","CSE Successful",5989.97,1603.83,20543.1,0,1548.99,57826.9,22939,12801.9,58722.1,58639.2,9447.57,0,-97649.8,0,139611,0,0,0,0,0,0,0,0,0,0,0,0,0,0,0,0,0,0,0,0,0,0,0,0,0,0,1.27117,0.234108,3.52728,0,0.303326,10.0156,3.89842,6.47106,10.3062,9.88792,1.7737,0,-12.7789,0,28.4389,28.4389,0,0,0,,0,0,,0,1.89059,0.0276898,2.42447,0,0.274324,5.09485,2.47547,12.0159,6.74443,4.31242,1.09525,0,-0.171484,0,24.168,1.91576,0.0260391,2.42551,0,0.273907,5.03544,2.47547,11.9806,6.74443,4.31163,1.09525,0,-0.171499,0,24.1319,"CBECC 2025.2.0 (1394)","BEMCmpMgr 2025.2.0 (605)","CA 2025 Nonresidential, Vers. 1.0","","","CSE 0.927.0 EXE","E:\CBECC\2025.2.0_11102025\CBECC 2025 Data\EPW25\","R:\32185Wilcox\2025 CBECC MF\TDS\2.0-11102025\MultiFamilyStandardModelTests\",,,1.08848,0.0895767,1.8919,0,0.218505,5.46842,2.02406,8.43,5.53913,4.69697,1.03128,0,-2.3512,0,19.7,0,0,0,0,0,0,0,0,0,0,0,0,0,1.1015,0.0874027,1.89197,0,0.218292,5.33334,2.02406,8.3,5.53913,4.69634,1.03128,0,-2.3514,0,19.57,0,0,0,0,0,0,0,0,0,0,0,0,0,0.523946,0.0431184,0.910679,0,0.105179,2.63227,0.974297,4.05772,2.6663,2.26092,0.496413,0,-1.13177,0,9.48136,0.530216,0.042072,0.910715,0,0.105076,2.64135,0.974297,4.07186,2.6663,2.26062,0.496413,0,-1.13186,0,9.4952,,,,,,,,,,,,,,,
2025-11-11 19:51:38,"MF36Unit_3Story_ELEC-CZ03","MF36 Restructure Prototype","OAKLAND INTL","Metrics 2025 (Oct 2022)",39264,39372,"Title24Compliance",7:13,FAIL,-0.01,"--","--","CSE Successful",5898.37,1054.05,21758.1,0,838.444,54046,22939,10145.5,58722.1,58302.9,9447.57,0,-96388.4,0,136618,0,0,0,0,0,0,0,0,0,0,0,0,0,0,0,0,0,0,0,0,0,0,0,0,0,0,1.29936,0.184055,3.75196,0,0.185813,9.26489,3.89676,0,5.90531,10.3126,9.81683,1.79103,0,-12.6775,0,27.8258,27.8258,0,0,0,,0,0,,0,,,,"--","--","CSE Successful",5959.26,1022.49,21754,0,837.739,54006.7,22939,10073.1,58722.1,58297.1,9447.57,0,-96446,0,136540,0,0,0,0,0,0,0,0,0,0,0,0,0,0,0,0,0,0,0,0,0,0,0,0,0,0,1.31257,0.178838,3.75153,0,0.185667,9.2494,3.89676,5.88967,10.3126,9.81587,1.79103,0,-12.6851,0,27.8092,27.8092,0,0,0,,0,0,,0,2.23108,0.0251415,2.63916,0,0.258391,4.34067,2.47547,11.7868,6.74443,4.29231,1.09525,0,-0.183138,0,23.9188,2.25513,0.0234554,2.64059,0,0.258096,4.40096,2.47547,11.8705,6.74443,4.29171,1.09525,0,-0.183248,0,24.0019,"CBECC 2025.2.0 (1394)","BEMCmpMgr 2025.2.0 (605)","CA 2025 Nonresidential, Vers. 1.0","","","CSE 0.927.0 EXE","E:\CBECC\2025.2.0_11102025\CBECC 2025 Data\EPW25\","R:\32185Wilcox\2025 CBECC MF\TDS\2.0-11102025\MultiFamilyStandardModelTests\",,,1.09178,0.0610389,2.01706,0,0.141814,4.78453,2.02406,7.65,5.53913,4.67313,1.03128,0,-2.45547,0,18.89,0,0,0,0,0,0,0,0,0,0,0,0,0,1.10269,0.0589845,2.01732,0,0.14169,4.74311,2.02406,7.62,5.53913,4.67265,1.03128,0,-2.45694,0,18.86,0,0,0,0,0,0,0,0,0,0,0,0,0,0.525537,0.0293815,0.970929,0,0.068263,2.30307,0.974297,3.68952,2.6663,2.24945,0.496413,0,-1.18196,0,9.10168,0.53079,0.0283926,0.971051,0,0.0682035,2.36326,0.974297,3.75333,2.6663,2.24921,0.496413,0,-1.18266,0,9.16526,,,,,,,,,,,,,,,
2025-11-11 19:59:15,"MF36Unit_3Story_ELEC-CZ04","MF36 Restructure Prototype","SAN JOSE INTL","Metrics 2025 (Oct 2022)",39264,39372,"Title24Compliance",7:23,PASS,0.45,"--","--","CSE Successful",1323.19,4494.55,17657.8,0,889.374,51290.8,22939,-2490.33,58722.1,59197.4,9447.57,0,-101085,0,124877,0,0,0,0,0,0,0,0,0,0,0,0,0,0,0,0,0,0,0,0,0,0,0,0,0,0,0.278824,0.834478,3.03379,0,0.177716,8.65244,3.89045,0,3.60055,10.2468,9.84828,1.75564,0,-13.2671,0,25.4512,25.4512,0,0,0,,0,0,,0,,,,"--","--","CSE Successful",1348.66,4434.98,20640,0,888.881,51117.4,22939,298.316,58722.1,59190.6,9447.57,0,-101071,0,127659,0,0,0,0,0,0,0,0,0,0,0,0,0,0,0,0,0,0,0,0,0,0,0,0,0,0,0.284197,0.824118,3.54297,0,0.177609,8.60179,3.89045,4.05589,10.2468,9.84713,1.75564,0,-13.2652,0,25.9054,25.9054,0,0,0,,0,0,,0,0.448482,0.234263,2.00022,0,0.253451,4.27031,2.47547,9.48561,6.74443,4.38852,1.09525,0,-0.196595,0,21.7138,0.45721,0.229541,2.34113,0,0.253238,4.08117,2.47547,9.64119,6.74443,4.38758,1.09525,0,-0.196566,0,21.8684,"CBECC 2025.2.0 (1394)","BEMCmpMgr 2025.2.0 (605)","CA 2025 Nonresidential, Vers. 1.0","","","CSE 0.927.0 EXE","E:\CBECC\2025.2.0_11102025\CBECC 2025 Data\EPW25\","R:\32185Wilcox\2025 CBECC MF\TDS\2.0-11102025\MultiFamilyStandardModelTests\",,,0.26494,0.255837,1.58173,0,0.146356,4.59115,2.02406,6.32,5.53913,4.74825,1.03128,0,-2.53718,0,17.64,0,0,0,0,0,0,0,0,0,0,0,0,0,0.270036,0.251973,1.85106,0,0.146256,4.52093,2.02406,6.52,5.53913,4.74758,1.03128,0,-2.53682,0,17.84,0,0,0,0,0,0,0,0,0,0,0,0,0,0.127531,0.123149,0.761376,0,0.0704497,2.20998,0.974297,3.04549,2.6663,2.28561,0.496413,0,-1.22129,0,8.49382,0.129984,0.121289,0.891021,0,0.0704013,2.26671,0.974297,3.23258,2.6663,2.28528,0.496413,0,-1.22112,0,8.68058,,,,,,,,,,,,,,,
2025-11-11 20:06:26,"MF36Unit_3Story_ELEC-CZ05","MF36 Restructure Prototype","SANTA MARIA","Metrics 2025 (Oct 2022)",39264,39372,"Title24Compliance",6:58,FAIL,-0.02,"--","--","CSE Successful",4990.35,1095.74,17346.9,0,1030.04,54789,22939,7255.73,58722.1,58345.2,9447.57,0,-94935.3,0,133771,0,0,0,0,0,0,0,0,0,0,0,0,0,0,0,0,0,0,0,0,0,0,0,0,0,0,1.04325,0.16635,2.98285,0,0.204428,9.35455,3.89678,0,4.99344,10.3047,9.79555,1.77906,0,-12.6548,0,26.8727,26.8727,0,0,0,,0,0,,0,,,,"--","--","CSE Successful",5049.98,1064.61,17343,0,1029.36,54636.1,22939,7196.1,58722.1,58338.6,9447.57,0,-94865.9,0,133704,0,0,0,0,0,0,0,0,0,0,0,0,0,0,0,0,0,0,0,0,0,0,0,0,0,0,1.05535,0.16136,2.9824,0,0.204296,9.31826,3.89678,4.97293,10.3047,9.79446,1.77906,0,-12.6455,0,26.8511,26.8511,0,0,0,,0,0,,0,1.79584,0.017701,2.09534,0,0.262975,4.82506,2.47547,11.1969,6.74443,4.3021,1.09525,0,-0.275449,0,23.3387,1.81594,0.0162957,2.09639,0,0.262745,4.71848,2.47547,11.1101,6.74443,4.30141,1.09525,0,-0.275247,0,23.2512,"CBECC 2025.2.0 (1394)","BEMCmpMgr 2025.2.0 (605)","CA 2025 Nonresidential, Vers. 1.0","","","CSE 0.927.0 EXE","E:\CBECC\2025.2.0_11102025\CBECC 2025 Data\EPW25\","R:\32185Wilcox\2025 CBECC MF\TDS\2.0-11102025\MultiFamilyStandardModelTests\",,,0.910772,0.056679,1.60721,0,0.15681,4.89402,2.02406,7.01,5.53913,4.67998,1.03128,0,-2.63736,0,18.26,0,0,0,0,0,0,0,0,0,0,0,0,0,0.920853,0.0546438,1.60739,0,0.156699,4.81997,2.02406,6.94,5.53913,4.67945,1.03128,0,-2.63543,0,18.19,0,0,0,0,0,0,0,0,0,0,0,0,0,0.438407,0.0272829,0.773641,0,0.0754819,2.35578,0.974297,3.37537,2.6663,2.25274,0.496413,0,-1.26951,0,8.79083,0.443259,0.0263032,0.773729,0,0.0754283,2.39602,0.974297,3.42045,2.6663,2.25249,0.496413,0,-1.26858,0,8.83566,,,,,,,,,,,,,,,
2025-11-11 20:13:31,"MF36Unit_3Story_ELEC-CZ06","MF36 Restructure Prototype","TORRANCE-MUNI-AP","Metrics 2025 (Oct 2022)",39264,39372,"Title24Compliance",6:51,FAIL,-0.05,"--","--","CSE Successful",2155.79,7388.62,18005.9,0,422.971,46870.7,22939,-8456.41,58722.1,58948,9447.57,0,-106239,0,118661,0,0,0,0,0,0,0,0,0,0,0,0,0,0,0,0,0,0,0,0,0,0,0,0,0,0,0.44915,1.28371,3.10378,0,0.0853109,7.85796,3.90766,0,2.20106,10.2418,9.8146,1.73757,0,-14.4865,0,23.995,23.995,0,0,0,,0,0,,0,,,,"--","--","CSE Successful",2167.2,7302.3,17968,0,422.502,46736.2,22939,-8662.5,58722.1,58943.8,9447.57,0,-106198,0,118451,0,0,0,0,0,0,0,0,0,0,0,0,0,0,0,0,0,0,0,0,0,0,0,0,0,0,0.451809,1.26722,3.09694,0,0.0852103,7.81086,3.90766,2.1389,10.2418,9.81386,1.73757,0,-14.4808,0,23.9321,23.9321,0,0,0,,0,0,,0,0.637674,0.443808,2.04818,0,0.111089,3.70467,2.47547,9.10605,6.74443,4.3693,1.09525,0,-0.31484,0,21.315,0.643004,0.439507,2.04498,0,0.11092,3.59532,2.47547,8.99448,6.74443,4.3686,1.09525,0,-0.314716,0,21.2028,"CBECC 2025.2.0 (1394)","BEMCmpMgr 2025.2.0 (605)","CA 2025 Nonresidential, Vers. 1.0","","","CSE 0.927.0 EXE","E:\CBECC\2025.2.0_11102025\CBECC 2025 Data\EPW25\","R:\32185Wilcox\2025 CBECC MF\TDS\2.0-11102025\MultiFamilyStandardModelTests\",,,0.426456,0.396138,1.61282,0,0.0768256,4.10234,2.02406,5.64,5.53913,4.72554,1.03128,0,-3.00328,0,16.94,0,0,0,0,0,0,0,0,0,0,0,0,0,0.429184,0.388954,1.60953,0,0.0767272,4.04653,2.02406,5.58,5.53913,4.72508,1.03128,0,-3.0021,0,16.88,0,0,0,0,0,0,0,0,0,0,0,0,0,0.205278,0.190684,0.776341,0,0.0369806,1.97469,0.974297,2.71262,2.6663,2.27467,0.496413,0,-1.44565,0,8.15001,0.206591,0.187226,0.774762,0,0.0369332,2.04671,0.974297,2.78144,2.6663,2.27445,0.496413,0,-1.44508,0,8.21861,,,,,,,,,,,,,,,
2025-11-11 20:20:39,"MF36Unit_3Story_ELEC-CZ07","MF36 Restructure Prototype","SAN DIEGO INTL","Metrics 2025 (Oct 2022)",39264,39372,"Title24Compliance",6:55,FAIL,-0.05,"--","--","CSE Successful",1163.34,5240.51,17764,0,108.531,46151.3,22939,-2479.93,58722.1,58993.6,9447.57,0,-95846.6,0,124683,0,0,0,0,0,0,0,0,0,0,0,0,0,0,0,0,0,0,0,0,0,0,0,0,0,0,0.203779,1.12667,3.06154,0,0.0195844,7.78456,3.88128,0,3.8763,10.3351,10.1167,1.80271,0,-12.2011,0,26.1308,26.1308,0,0,0,,0,0,,0,,,,"--","--","CSE Successful",1181.72,5160.19,17737.5,0,108.358,46053.6,22939,-2617.18,58722.1,58987.4,9447.57,0,-95797.5,0,124540,0,0,0,0,0,0,0,0,0,0,0,0,0,0,0,0,0,0,0,0,0,0,0,0,0,0,0.207189,1.10868,3.05619,0,0.0195541,7.72733,3.88128,3.80534,10.3351,10.1156,1.80271,0,-12.1949,0,26.0587,26.0587,0,0,0,,0,0,,0,0.159655,0.365791,2.00109,0,0.0189889,3.60714,2.47547,8.28316,6.74443,4.38114,1.09525,0,-0.344974,0,20.504,0.163661,0.36175,1.99885,0,0.0189714,3.44965,2.47547,8.12356,6.74443,4.38009,1.09525,0,-0.344797,0,20.3433,"CBECC 2025.2.0 (1394)","BEMCmpMgr 2025.2.0 (605)","CA 2025 Nonresidential, Vers. 1.0","","","CSE 0.927.0 EXE","E:\CBECC\2025.2.0_11102025\CBECC 2025 Data\EPW25\","R:\32185Wilcox\2025 CBECC MF\TDS\2.0-11102025\MultiFamilyStandardModelTests\",,,0.189739,0.338254,1.59505,0,0.019066,3.9662,2.02406,5.29,5.53913,4.73182,1.03128,0,-2.85109,0,16.59,0,0,0,0,0,0,0,0,0,0,0,0,0,0.193093,0.331346,1.59278,0,0.0190362,3.92133,2.02406,5.22,5.53913,4.73114,1.03128,0,-2.84963,0,16.52,0,0,0,0,0,0,0,0,0,0,0,0,0,0.0913321,0.162821,0.767792,0,0.00917755,1.90916,0.974297,2.54219,2.6663,2.2777,0.496413,0,-1.37239,0,7.9826,0.0929468,0.159496,0.766698,0,0.00916324,1.99109,0.974297,2.622,2.6663,2.27737,0.496413,0,-1.37169,0,8.06209,,,,,,,,,,,,,,,
2025-11-11 20:27:46,"MF36Unit_3Story_ELEC-CZ08","MF36 Restructure Prototype","FULLERTON","Metrics 2025 (Oct 2022)",39264,39372,"Title24Compliance",6:54,FAIL,-0.02,"--","--","CSE Successful",939.242,13729.1,19471.5,0,414.376,44670.6,22939,-9212.51,58722.1,59315.3,9447.57,0,-111376,0,118272,0,0,0,0,0,0,0,0,0,0,0,0,0,0,0,0,0,0,0,0,0,0,0,0,0,0,0.203312,2.26993,3.33008,0,0.088661,7.48084,3.89864,0,2.13433,10.2039,9.83789,1.725,0,-15.1371,0,23.9012,23.9012,0,0,0,,0,0,,0,,,,"--","--","CSE Successful",955.892,13653.6,19456.5,0,414.339,44665.5,22939,-9212.07,58722.1,59310.6,9447.57,0,-111297,0,118268,0,0,0,0,0,0,0,0,0,0,0,0,0,0,0,0,0,0,0,0,0,0,0,0,0,0,0.206853,2.25659,3.32743,0,0.08865,7.45393,3.89864,2.10576,10.2039,9.83709,1.725,0,-15.1263,0,23.8718,23.8718,0,0,0,,0,0,,0,0.3402,0.452765,2.07791,0,0.175375,3.72971,2.47547,8.89159,6.74443,4.39329,1.09525,0,-0.359842,0,21.1246,0.3456,0.444957,2.07638,0,0.175361,3.54696,2.47547,8.70515,6.74443,4.39262,1.09525,0,-0.359585,0,20.9374,"CBECC 2025.2.0 (1394)","BEMCmpMgr 2025.2.0 (605)","CA 2025 Nonresidential, Vers. 1.0","","","CSE 0.927.0 EXE","E:\CBECC\2025.2.0_11102025\CBECC 2025 Data\EPW25\","R:\32185Wilcox\2025 CBECC MF\TDS\2.0-11102025\MultiFamilyStandardModelTests\",,,0.200665,0.669606,1.6851,0,0.0792097,3.95172,2.02406,5.49,5.53913,4.75111,1.03128,0,-3.12423,0,16.81,0,0,0,0,0,0,0,0,0,0,0,0,0,0.204152,0.6639,1.68409,0,0.0791919,3.93246,2.02406,5.45,5.53913,4.75064,1.03128,0,-3.12201,0,16.77,0,0,0,0,0,0,0,0,0,0,0,0,0,0.0965916,0.32232,0.811137,0,0.0381282,1.90219,0.974297,2.64079,2.6663,2.28698,0.496413,0,-1.50387,0,8.09049,0.0982701,0.319573,0.810649,0,0.0381196,1.99172,0.974297,2.72983,2.6663,2.28676,0.496413,0,-1.5028,0,8.1793,,,,,,,,,,,,,,,
2025-11-11 20:34:51,"MF36Unit_3Story_ELEC-CZ09","MF36 Restructure Prototype","HOLLYWOOD BURBANK","Metrics 2025 (Oct 2022)",39264,39372,"Title24Compliance",6:52,FAIL,-0.01,"--","--","CSE Successful",2383.73,13135.4,19723.1,0,511.134,45557.6,22939,-12344.3,58722.1,59173.2,9447.57,0,-116594,0,114999,0,0,0,0,0,0,0,0,0,0,0,0,0,0,0,0,0,0,0,0,0,0,0,0,0,0,0.511338,2.26242,3.39443,0,0.109284,7.62553,3.89851,0,1.96184,10.2009,9.79401,1.72216,0,-15.8397,0,23.6789,23.6789,0,0,0,,0,0,,0,,,,"--","--","CSE Successful",2413.68,13065.7,19713,0,510.809,45568.6,22939,-12352.5,58722.1,59169,9447.57,0,-116563,0,114986,0,0,0,0,0,0,0,0,0,0,0,0,0,0,0,0,0,0,0,0,0,0,0,0,0,0,0.51774,2.25024,3.39274,0,0.109217,7.61728,3.89851,1.95025,10.2009,9.79332,1.72216,0,-15.8355,0,23.6666,23.6666,0,0,0,,0,0,,0,0.81198,0.527876,2.17353,0,0.217806,3.8171,2.47547,9.60196,6.74443,4.37511,1.09525,0,-0.421806,0,21.8167,0.822526,0.521005,2.17308,0,0.217734,3.81715,2.47547,9.60527,6.74443,4.37457,1.09525,0,-0.421694,0,21.8195,"CBECC 2025.2.0 (1394)","BEMCmpMgr 2025.2.0 (605)","CA 2025 Nonresidential, Vers. 1.0","","","CSE 0.927.0 EXE","E:\CBECC\2025.2.0_11102025\CBECC 2025 Data\EPW25\","R:\32185Wilcox\2025 CBECC MF\TDS\2.0-11102025\MultiFamilyStandardModelTests\",,,0.500952,0.668128,1.73933,0,0.0960999,4.08931,2.02406,5.89,5.53913,4.739,1.03128,0,-3.23479,0,17.2,0,0,0,0,0,0,0,0,0,0,0,0,0,0.507114,0.662961,1.73892,0,0.096032,4.06311,2.02406,5.86,5.53913,4.73862,1.03128,0,-3.23394,0,17.17,0,0,0,0,0,0,0,0,0,0,0,0,0,0.241137,0.321608,0.837239,0,0.0462584,1.96842,0.974297,2.83187,2.6663,2.28115,0.496413,0,-1.55709,0,8.27574,0.244103,0.319121,0.837044,0,0.0462257,2.05136,0.974297,2.91548,2.6663,2.28097,0.496413,0,-1.55668,0,8.35916,,,,,,,,,,,,,,,
2025-11-11 20:42:01,"MF36Unit_3Story_ELEC-CZ10","MF36 Restructure Prototype","RIVERSIDE","Metrics 2025 (Oct 2022)",39264,39372,"Title24Compliance",6:57,FAIL,-0.02,"--","--","CSE Successful",2497.05,18381.5,20800.7,0,622.081,44755.8,22939,-9585.29,58722.1,59234.3,9447.57,0,-119581,0,117819,0,0,0,0,0,0,0,0,0,0,0,0,0,0,0,0,0,0,0,0,0,0,0,0,0,0,0.539728,3.00062,3.55888,0,0.129525,7.50528,3.89807,0,2.39276,10.2013,9.81256,1.72452,0,-16.2393,0,24.1311,24.1311,0,0,0,,0,0,,0,,,,"--","--","CSE Successful",2527.94,18310.6,20786.7,0,621.829,44780.7,22939,-9687.51,58722.1,59230.3,9447.57,0,-119654,0,117712,0,0,0,0,0,0,0,0,0,0,0,0,0,0,0,0,0,0,0,0,0,0,0,0,0,0,0.546299,2.98805,3.55648,0,0.129469,7.50405,3.89807,2.3732,10.2013,9.81188,1.72452,0,-16.2492,0,24.1109,24.1109,0,0,0,,0,0,,0,1.0174,0.541657,2.23713,0,0.242302,3.83929,2.47547,9.90213,6.74443,4.3713,1.09525,0,-0.451115,0,22.1131,1.02863,0.534008,2.23607,0,0.242192,3.84044,2.47547,9.90542,6.74443,4.37076,1.09525,0,-0.45139,0,22.1159,"CBECC 2025.2.0 (1394)","BEMCmpMgr 2025.2.0 (605)","CA 2025 Nonresidential, Vers. 1.0","","","CSE 0.927.0 EXE","E:\CBECC\2025.2.0_11102025\CBECC 2025 Data\EPW25\","R:\32185Wilcox\2025 CBECC MF\TDS\2.0-11102025\MultiFamilyStandardModelTests\",,,0.49987,0.852662,1.79656,0,0.10755,4.04328,2.02406,6,5.53913,4.7408,1.03128,0,-3.31907,0,17.31,0,0,0,0,0,0,0,0,0,0,0,0,0,0.506001,0.847207,1.79576,0,0.107494,4.02579,2.02406,6,5.53913,4.74042,1.03128,0,-3.32109,0,17.31,0,0,0,0,0,0,0,0,0,0,0,0,0,0.240616,0.410435,0.86479,0,0.05177,1.94627,0.974297,2.89052,2.6663,2.28202,0.496413,0,-1.59766,0,8.33525,0.243567,0.407809,0.8644,0,0.0517428,2.03142,0.974297,2.9746,2.6663,2.28184,0.496413,0,-1.59863,0,8.41916,,,,,,,,,,,,,,,
2025-11-11 20:49:04,"MF36Unit_3Story_ELEC-CZ11","MF36 Restructure Prototype","RED BLUFF","Metrics 2025 (Oct 2022)",39264,39372,"Title24Compliance",6:50,FAIL,-0.03,"--","--","CSE Successful",5062.38,24062.1,24860.2,0,1288.51,50069.8,22939,6998.47,58722.1,59254.7,9447.57,0,-121283,0,134423,0,0,0,0,0,0,0,0,0,0,0,0,0,0,0,0,0,0,0,0,0,0,0,0,0,0,1.09723,4.09869,4.27211,0,0.25321,8.55136,3.89054,0,6.3771,10.2413,9.8249,1.75165,0,-15.786,0,28.1949,28.1949,0,0,0,,0,0,,0,,,,"--","--","CSE Successful",5123.34,24007.7,24845.5,0,1288.1,49875.2,22939,6767.8,58722.1,59250.3,9447.57,0,-121311,0,134188,0,0,0,0,0,0,0,0,0,0,0,0,0,0,0,0,0,0,0,0,0,0,0,0,0,0,1.1104,4.08872,4.26972,0,0.253114,8.52295,3.89054,6.34581,10.2413,9.82415,1.75165,0,-15.7896,0,28.1629,28.1629,0,0,0,,0,0,,0,2.05297,0.753309,2.70309,0,0.320432,4.72394,2.47547,12.8594,6.74443,4.34685,1.09525,0,-0.169848,0,25.0459,2.07965,0.744887,2.70251,0,0.320162,4.67011,2.47547,12.8229,6.74443,4.34623,1.09525,0,-0.169887,0,25.0088,"CBECC 2025.2.0 (1394)","BEMCmpMgr 2025.2.0 (605)","CA 2025 Nonresidential, Vers. 1.0","","","CSE 0.927.0 EXE","E:\CBECC\2025.2.0_11102025\CBECC 2025 Data\EPW25\","R:\32185Wilcox\2025 CBECC MF\TDS\2.0-11102025\MultiFamilyStandardModelTests\",,,1.01475,1.20351,2.15687,0,0.207911,4.96822,2.02406,8.72,5.53913,4.73385,1.03128,0,-2.84528,0,20.02,0,0,0,0,0,0,0,0,0,0,0,0,0,1.02623,1.19869,2.15605,0,0.207824,4.8877,2.02406,8.66,5.53913,4.7334,1.03128,0,-2.84592,0,19.96,0,0,0,0,0,0,0,0,0,0,0,0,0,0.488458,0.579317,1.03823,0,0.10008,2.39149,0.974297,4.20227,2.6663,2.27868,0.496413,0,-1.3696,0,9.64366,0.493984,0.576998,1.03783,0,0.100037,2.42928,0.974297,4.24252,2.6663,2.27846,0.496413,0,-1.36991,0,9.68369,,,,,,,,,,,,,,,
2025-11-11 20:56:18,"MF36Unit_3Story_ELEC-CZ12","MF36 Restructure Prototype","SACRAMENTO EXECUTIVE","Metrics 2025 (Oct 2022)",39264,39372,"Title24Compliance",7:01,FAIL,-0.06,"--","--","CSE Successful",5539.52,11232.6,22459.6,0,1261.86,52963.3,22939,5471.89,58722.1,59083.4,9447.57,0,-110924,0,132725,0,0,0,0,0,0,0,0,0,0,0,0,0,0,0,0,0,0,0,0,0,0,0,0,0,0,1.17445,2.06815,3.88804,0,0.246324,9.01305,3.89072,0,5.88694,10.2422,9.81253,1.75313,0,-14.3938,0,27.6948,27.6948,0,0,0,,0,0,,0,,,,"--","--","CSE Successful",5607.59,11172.3,22448.4,0,1261.12,52741.1,22939,5211.49,58722.1,59078.2,9447.57,0,-110958,0,132459,0,0,0,0,0,0,0,0,0,0,0,0,0,0,0,0,0,0,0,0,0,0,0,0,0,0,1.18874,2.05771,3.88628,0,0.246169,8.95144,3.89072,5.82285,10.2422,9.81167,1.75313,0,-14.3982,0,27.6298,27.6298,0,0,0,,0,0,,0,2.18161,0.32118,2.56438,0,0.310115,4.822,2.47547,12.4912,6.74443,4.3372,1.09525,0,-0.18352,0,24.6681,2.20739,0.315358,2.5646,0,0.309835,4.63942,2.47547,12.3285,6.74443,4.33657,1.09525,0,-0.183577,0,24.5047,"CBECC 2025.2.0 (1394)","BEMCmpMgr 2025.2.0 (605)","CA 2025 Nonresidential, Vers. 1.0","","","CSE 0.927.0 EXE","E:\CBECC\2025.2.0_11102025\CBECC 2025 Data\EPW25\","R:\32185Wilcox\2025 CBECC MF\TDS\2.0-11102025\MultiFamilyStandardModelTests\",,,1.01987,0.609123,2.01445,0,0.198245,5.057,2.02406,8.39,5.53913,4.72296,1.03128,0,-2.52645,0,19.68,0,0,0,0,0,0,0,0,0,0,0,0,0,1.03208,0.605217,2.01415,0,0.198112,4.96857,2.02406,8.31,5.53913,4.72248,1.03128,0,-2.52722,0,19.6,0,0,0,0,0,0,0,0,0,0,0,0,0,0.49092,0.293206,0.969671,0,0.0954267,2.43422,0.974297,4.04162,2.6663,2.27343,0.496413,0,-1.21613,0,9.47776,0.496801,0.291326,0.969524,0,0.0953629,2.4703,0.974297,4.08111,2.6663,2.2732,0.496413,0,-1.2165,0,9.51703,,,,,,,,,,,,,,,
2025-11-11 21:03:28,"MF36Unit_3Story_ELEC-CZ13","MF36 Restructure Prototype","FRESNO YOSEMITE","Metrics 2025 (Oct 2022)",39264,39372,"Title24Compliance",6:56,PASS,0.03,"--","--","CSE Successful",3255.02,28031.9,25162.8,0,1135.1,47827.8,22939,-3387.27,58722.1,59444.5,9447.57,0,-131739,0,124227,0,0,0,0,0,0,0,0,0,0,0,0,0,0,0,0,0,0,0,0,0,0,0,0,0,0,0.702593,4.90641,4.32373,0,0.225713,8.10221,3.8882,0,4.96914,10.2344,9.88078,1.75445,0,-17.1797,0,26.8388,26.8388,0,0,0,,0,0,,0,,,,"--","--","CSE Successful",3301.05,27971.2,25145.9,0,1134.5,47925.6,22939,-3245.07,58722.1,59440.2,9447.57,0,-131662,0,124365,0,0,0,0,0,0,0,0,0,0,0,0,0,0,0,0,0,0,0,0,0,0,0,0,0,0,0.712482,4.89541,4.3209,0,0.225582,8.1167,3.8882,4.98953,10.2344,9.88001,1.75445,0,-17.1697,0,26.8584,26.8584,0,0,0,,0,0,,0,1.43669,1.04958,2.65636,0,0.324265,4.47867,2.47547,12.1543,6.74443,4.3606,1.09525,0,-0.266687,0,24.3546,1.45689,1.04039,2.65513,0,0.323993,4.41633,2.47547,12.1017,6.74443,4.35988,1.09525,0,-0.266532,0,24.3012,"CBECC 2025.2.0 (1394)","BEMCmpMgr 2025.2.0 (605)","CA 2025 Nonresidential, Vers. 1.0","","","CSE 0.927.0 EXE","E:\CBECC\2025.2.0_11102025\CBECC 2025 Data\EPW25\","R:\32185Wilcox\2025 CBECC MF\TDS\2.0-11102025\MultiFamilyStandardModelTests\",,,0.60822,1.49429,2.14545,0,0.183453,4.59816,2.02406,7.97,5.53913,4.75148,1.03128,0,-3.08318,0,19.29,0,0,0,0,0,0,0,0,0,0,0,0,0,0.616666,1.4884,2.14413,0,0.183335,4.55648,2.02406,7.93,5.53913,4.75099,1.03128,0,-3.08139,0,19.25,0,0,0,0,0,0,0,0,0,0,0,0,0,0.292771,0.719287,1.03273,0,0.0883065,2.21336,0.974297,3.83664,2.6663,2.28716,0.496413,0,-1.48411,0,9.28651,0.296837,0.716454,1.03209,0,0.0882498,2.27503,0.974297,3.89971,2.6663,2.28692,0.496413,0,-1.48325,0,9.34935,,,,,,,,,,,,,,,
2025-11-11 21:10:25,"MF36Unit_3Story_ELEC-CZ14","MF36 Restructure Prototype","PALMDALE","Metrics 2025 (Oct 2022)",39264,39372,"Title24Compliance",6:43,FAIL,-0.07,"--","--","CSE Successful",5676.59,21630.7,25125,0,1389.67,52186,22939,2181.55,58722.1,59197.1,9447.57,0,-126765,0,129548,0,0,0,0,0,0,0,0,0,0,0,0,0,0,0,0,0,0,0,0,0,0,0,0,0,0,1.21075,3.4767,4.29488,0,0.272838,8.96003,3.89493,0,4.81881,10.1817,9.77715,1.71772,0,-17.2913,0,26.4954,26.4954,0,0,0,,0,0,,0,,,,"--","--","CSE Successful",5745.37,21577.9,25108.9,0,1388.69,52085.3,22939,2072.37,58722.1,59193,9447.57,0,-126773,0,129435,0,0,0,0,0,0,0,0,0,0,0,0,0,0,0,0,0,0,0,0,0,0,0,0,0,0,1.22533,3.46683,4.29218,0,0.27263,8.88092,3.89493,4.74048,10.1817,9.77643,1.71772,0,-17.2923,0,26.4164,26.4164,0,0,0,,0,0,,0,2.24673,0.546825,2.74722,0,0.386753,5.71294,2.47547,13.6777,6.74443,4.36086,1.09525,0,-0.438254,0,25.8782,2.27474,0.539989,2.74671,0,0.386345,5.18949,2.47547,13.1745,6.74443,4.36019,1.09525,0,-0.43828,0,25.3743,"CBECC 2025.2.0 (1394)","BEMCmpMgr 2025.2.0 (605)","CA 2025 Nonresidential, Vers. 1.0","","","CSE 0.927.0 EXE","E:\CBECC\2025.2.0_11102025\CBECC 2025 Data\EPW25\","R:\32185Wilcox\2025 CBECC MF\TDS\2.0-11102025\MultiFamilyStandardModelTests\",,,1.1128,0.990337,2.19017,0,0.22015,5.33024,2.02406,8.11,5.53913,4.73408,1.03128,0,-3.7491,0,19.41,0,0,0,0,0,0,0,0,0,0,0,0,0,1.1258,0.985424,2.18923,0,0.219963,5.22627,2.02406,8.03,5.53913,4.73363,1.03128,0,-3.74932,0,19.33,0,0,0,0,0,0,0,0,0,0,0,0,0,0.535656,0.476706,1.05425,0,0.105971,2.56575,0.974297,3.90798,2.6663,2.27878,0.496413,0,-1.80466,0,9.34948,0.541914,0.474341,1.0538,0,0.105881,2.58361,0.974297,3.92908,2.6663,2.27857,0.496413,0,-1.80476,0,9.37037,,,,,,,,,,,,,,,
2025-11-11 21:17:40,"MF36Unit_3Story_ELEC-CZ15","MF36 Restructure Prototype","PALM SPRINGS","Metrics 2025 (Oct 2022)",39264,39372,"Title24Compliance",7:02,FAIL,-0.52,"--","--","CSE Successful",723.977,64026.2,30422,0,345.465,35087.2,22939,-22302.3,58722.1,59857.5,9447.57,0,-175846,0,105725,0,0,0,0,0,0,0,0,0,0,0,0,0,0,0,0,0,0,0,0,0,0,0,0,0,0,0.171639,10.2925,5.11558,0,0.0783665,5.91594,3.89081,0,1.50935,10.1737,9.89306,1.72366,0,-23.9555,0,23.2997,23.2997,0,0,0,,0,0,,0,,,,"--","--","CSE Successful",732.662,63960.4,27408.4,0,345.561,35197.9,22939,-25230.7,58722.1,59855.2,9447.57,0,-175815,0,102794,0,0,0,0,0,0,0,0,0,0,0,0,0,0,0,0,0,0,0,0,0,0,0,0,0,0,0.173683,10.2794,4.60065,0,0.0783866,5.91849,3.89081,0.990174,10.1737,9.89264,1.72366,0,-23.9512,0,22.7802,22.7802,0,0,0,,0,0,,0,0.372145,2.19256,2.82863,0,0.180166,3.2838,2.47547,10.6553,6.74443,4.41574,1.09525,0,-0.67743,0,22.9108,0.376679,2.18093,2.48425,0,0.180214,3.14895,2.47547,10.1692,6.74443,4.41521,1.09525,0,-0.677309,0,22.4241,"CBECC 2025.2.0 (1394)","BEMCmpMgr 2025.2.0 (605)","CA 2025 Nonresidential, Vers. 1.0","","","CSE 0.927.0 EXE","E:\CBECC\2025.2.0_11102025\CBECC 2025 Data\EPW25\","R:\32185Wilcox\2025 CBECC MF\TDS\2.0-11102025\MultiFamilyStandardModelTests\",,,0.181591,3.0751,2.39726,0,0.0743719,3.33597,2.02406,5.81,5.53913,4.78864,1.03128,0,-5.28339,0,17.17,0,0,0,0,0,0,0,0,0,0,0,0,0,0.1837,3.0661,2.12511,0,0.0743878,3.32657,2.02406,5.52,5.53913,4.78834,1.03128,0,-5.28244,0,16.88,0,0,0,0,0,0,0,0,0,0,0,0,0,0.0874102,1.48022,1.15394,0,0.0357995,1.60579,0.974297,2.79426,2.6663,2.30505,0.496413,0,-2.5432,0,8.26202,0.0884253,1.47589,1.02294,0,0.0358071,1.69909,0.974297,2.7537,2.6663,2.3049,0.496413,0,-2.54274,0,8.22132,,,,,,,,,,,,,,,
2025-11-11 21:24:21,"MF36Unit_3Story_ELEC-CZ16","MF36 Restructure Prototype","BLUE CANYON","Metrics 2025 (Oct 2022)",39264,39372,"Title24Compliance",6:28,FAIL,-0.01,"--","--","CSE Successful",0,6461.52,23527.2,0,1811.12,71576.6,22939,21595.2,58722.1,58836.9,9447.57,0,-104720,0,148602,1411.69,0,0,0,0,0,0,1411.69,0,0,0,0,1411.69,0,0,0,0,0,0,0,0,0,0,0,0,0,4.49991,0.959982,4.02268,0,0.341801,12.4305,3.91614,0,11.9971,10.2773,9.82324,1.74929,0,-14.1739,0,33.8469,29.347,4.49991,0,0,,0,0,,0,,,,"--","--","CSE Successful",0,6396.11,23494.7,0,1809.68,71287.2,22939,21234.5,58722.1,58830.9,9447.57,0,-104692,0,148235,1425.25,0,0,0,0,0,0,1425.25,0,0,0,0,1425.25,0,0,0,0,0,0,0,0,0,0,0,0,0,4.54285,0.949501,4.01719,0,0.341545,12.3886,3.91614,11.9858,10.2773,9.82221,1.74929,0,-14.1701,0,33.8345,29.2917,4.54285,0,0,,0,0,,0,0,0.142376,2.56206,0,0.313058,5.75257,2.47547,11.0044,6.74443,4.34201,1.09525,0,-0.241156,0,23.1861,0,0.137668,2.55842,0,0.312909,5.64956,2.47547,10.8929,6.74443,4.34124,1.09525,0,-0.241091,0,23.0738,"CBECC 2025.2.0 (1394)","BEMCmpMgr 2025.2.0 (605)","CA 2025 Nonresidential, Vers. 1.0","","","CSE 0.927.0 EXE","E:\CBECC\2025.2.0_11102025\CBECC 2025 Data\EPW25\","R:\32185Wilcox\2025 CBECC MF\TDS\2.0-11102025\MultiFamilyStandardModelTests\",,,0,0.33355,2.0975,0,0.218121,6.86428,2.02406,8.85,5.53913,4.71089,1.03128,0,-2.68126,0,20.13,8.47733,0,0,0,0,0,0,8.48,0,0,0,0,8.48,0,0.32928,2.09491,0,0.217961,6.76684,2.02406,8.75,5.53913,4.71035,1.03128,0,-2.68053,0,20.03,8.55879,0,0,0,0,0,0,8.56,0,0,0,0,8.56,3.23449,0.160557,1.00965,0,0.104994,3.30417,0.974297,7.49752,2.6663,2.26762,0.496413,0,-1.29064,0,12.9279,3.26558,0.158501,1.0084,0,0.104917,3.31839,0.974297,7.53978,2.6663,2.26736,0.496413,0,-1.2903,0,12.9699,,,,,,,,,,,,,,,
2025-11-11 21:31:10,"MF36Unit_3Story_NGAS-CZ01","MF36 Restructure Prototype","CALIFORNIA REDWOOD COAST","Metrics 2025 (Oct 2022)",39264,39372,"Title24Compliance",6:36,FAIL,-3.47,"--","--","CSE Successful",7810.53,327.753,19917.1,0,1847.88,402.598,22939,-38997.1,58722.1,25378.3,9447.57,0,-92241.9,0,54550.8,0,0,0,0,0,4705.36,0,4705.36,0,1349.87,0,0,6055.23,0,0,0,0,0,0,0,0,0,0,0,0,0,1.56854,0.0502576,3.42076,0,0.359288,14.383,3.89684,0,11.6091,10.3111,8.40703,1.78254,0,-12.0696,0,32.1098,13.6879,18.4219,0,0,,0,0,,0,,0.195,,"--","--","CSE Successful",8064.66,334.517,19933.8,0,1847.27,63125.9,22939,24029.5,58722.1,25376.1,9447.57,0,-92215.6,0,117575,0,0,0,0,0,0,0,0,0,1349.87,0,0,1349.87,0,0,0,0,0,0,0,0,0,0,0,0,0,1.61974,0.0512402,3.42373,0,0.359169,10.8634,3.89684,8.14796,10.3111,8.40669,1.78254,0,-12.0662,0,28.6483,24.5473,4.10102,0,0,,0,0,,0,1.88873,0.010114,2.35096,0,0.334204,0.0262906,2.47547,6.93252,6.74443,2.315,1.09525,0,-0.15325,0,17.0872,1.95496,0.0102064,2.35354,0,0.33404,4.93172,2.47547,11.9067,6.74443,2.31478,1.09525,0,-0.153207,0,22.0612,"CBECC 2025.2.0 (1394)","BEMCmpMgr 2025.2.0 (605)","CA 2025 Nonresidential, Vers. 1.0","","","CSE 0.927.0 EXE","E:\CBECC\2025.2.0_11102025\CBECC 2025 Data\EPW25\","R:\32185Wilcox\2025 CBECC MF\TDS\2.0-11102025\MultiFamilyStandardModelTests\",,,1.25717,0.0181437,1.83863,0,0.249454,0.0255915,2.02406,3.1,5.53913,2.1603,1.03128,0,-2.32409,0,11.83,0,0,0,0,0,28.2561,0,28.26,0,8.10613,0,0,36.37,1.29944,0.0184545,1.84043,0,0.249359,5.56893,2.02406,8.68,5.53913,2.16014,1.03128,0,-2.32343,0,17.41,0,0,0,0,0,0,0,0,0,8.10613,0,0,8.11,0.605148,0.00873361,0.885037,0,0.120077,10.8622,0.974297,12.3368,2.6663,4.1525,0.496413,0,-1.11872,0,19.652,0.625493,0.0088832,0.885904,0,0.120031,2.68065,0.974297,4.17686,2.6663,4.15242,0.496413,0,-1.1184,0,11.492,,,,,,,,,,,,,,,
2025-11-11 21:37:47,"MF36Unit_3Story_NGAS-CZ02","MF36 Restructure Prototype","SONOMA COUNTY AP","Metrics 2025 (Oct 2022)",39264,39372,"Title24Compliance",6:24,FAIL,-3.63,"--","--","CSE Successful",5444.22,2323.03,20665.2,0,1586.09,363.666,22939,-44320.2,58722.1,25571.6,9447.57,0,-97641.4,0,49421.1,0,0,0,0,0,4410.77,0,4410.77,0,1349.87,0,0,5760.65,0,0,0,0,0,0,0,0,0,0,0,0,0,1.16089,0.333002,3.5422,0,0.310759,13.5024,3.89842,0,9.96985,10.3062,8.44332,1.7737,0,-12.7778,0,30.4931,12.9468,17.5463,0,0,,0,0,,0,,0.191,,"--","--","CSE Successful",5467.87,2330.45,20680.3,0,1586.43,56992.5,22939,12346.8,58722.1,25570,9447.57,0,-97649.8,0,106086,0,0,0,0,0,0,0,0,0,1349.87,0,0,1349.87,0,0,0,0,0,0,0,0,0,0,0,0,0,1.1659,0.334007,3.54488,0,0.310822,9.86277,3.89842,6.3379,10.3062,8.44307,1.7737,0,-12.7789,0,26.8609,22.7599,4.10102,0,0,,0,0,,0,1.78995,0.0334893,2.41866,0,0.281438,0.0262954,2.47547,6.85382,6.74443,2.31607,1.09525,0,-0.171484,0,17.0096,1.79841,0.0333304,2.42103,0,0.281467,4.69963,2.47547,11.5378,6.74443,2.31591,1.09525,0,-0.171499,0,21.6934,"CBECC 2025.2.0 (1394)","BEMCmpMgr 2025.2.0 (605)","CA 2025 Nonresidential, Vers. 1.0","","","CSE 0.927.0 EXE","E:\CBECC\2025.2.0_11102025\CBECC 2025 Data\EPW25\","R:\32185Wilcox\2025 CBECC MF\TDS\2.0-11102025\MultiFamilyStandardModelTests\",,,1.01568,0.117977,1.89312,0,0.223888,0.0245105,2.02406,2.94,5.53913,2.17611,1.03128,0,-2.3512,0,11.69,0,0,0,0,0,26.4871,0,26.49,0,8.10613,0,0,34.6,1.02003,0.118278,1.89474,0,0.223928,5.21245,2.02406,8.13,5.53913,2.17599,1.03128,0,-2.3514,0,16.88,0,0,0,0,0,0,0,0,0,8.10613,0,0,8.11,0.488906,0.0567889,0.911268,0,0.10777,10.1824,0.974297,11.5897,2.6663,4.16011,0.496413,0,-1.13177,0,18.9125,0.490999,0.0569338,0.912045,0,0.10779,2.50905,0.974297,3.91925,2.6663,4.16005,0.496413,0,-1.13186,0,11.242,,,,,,,,,,,,,,,
2025-11-11 21:44:15,"MF36Unit_3Story_NGAS-CZ03","MF36 Restructure Prototype","OAKLAND INTL","Metrics 2025 (Oct 2022)",39264,39372,"Title24Compliance",6:15,FAIL,-4.14,"--","--","CSE Successful",5571.93,999.142,21723.8,0,840.076,363.758,22939,-43950.7,58722.1,25120.3,9447.57,0,-96388.4,0,49339.3,0,0,0,0,0,4345.74,0,4345.74,0,1349.87,0,0,5695.61,0,0,0,0,0,0,0,0,0,0,0,0,0,1.22756,0.174615,3.74554,0,0.186204,13.2853,3.89676,0,9.83845,10.3126,8.37719,1.79103,0,-12.6775,0,30.3192,12.9901,17.3291,0,0,,0,0,,0,,0.194,,"--","--","CSE Successful",5846.98,1041.37,21742.1,0,840.19,53185.1,22939,9148.68,58722.1,25119.6,9447.57,0,-96446,0,102438,0,0,0,0,0,0,0,0,0,1349.87,0,0,1349.87,0,0,0,0,0,0,0,0,0,0,0,0,0,1.28792,0.182024,3.74878,0,0.186233,9.09147,3.89676,5.70809,10.3126,8.37708,1.79103,0,-12.6851,0,26.1888,22.0878,4.10102,0,0,,0,0,,0,2.11826,0.0233587,2.63378,0,0.258826,0.0263895,2.47547,7.35296,6.74443,2.28934,1.09525,0,-0.183138,0,17.482,2.2242,0.0237368,2.63665,0,0.258859,4.09192,2.47547,11.5276,6.74443,2.28927,1.09525,0,-0.183248,0,21.6565,"CBECC 2025.2.0 (1394)","BEMCmpMgr 2025.2.0 (605)","CA 2025 Nonresidential, Vers. 1.0","","","CSE 0.927.0 EXE","E:\CBECC\2025.2.0_11102025\CBECC 2025 Data\EPW25\","R:\32185Wilcox\2025 CBECC MF\TDS\2.0-11102025\MultiFamilyStandardModelTests\",,,1.03394,0.0577577,2.01316,0,0.142099,0.0247445,2.02406,2.82,5.53913,2.14461,1.03128,0,-2.45547,0,11.53,0,0,0,0,0,26.0966,0,26.1,0,8.10613,0,0,34.21,1.0844,0.0599971,2.01505,0,0.142119,4.59741,2.02406,7.46,5.53913,2.14455,1.03128,0,-2.45694,0,16.17,0,0,0,0,0,0,0,0,0,8.10613,0,0,8.11,0.497693,0.0278021,0.96905,0,0.0684003,10.0326,0.974297,11.3878,2.6663,4.14494,0.496413,0,-1.18196,0,18.6955,0.521986,0.0288801,0.969958,0,0.0684099,2.213,0.974297,3.59386,2.6663,4.14492,0.496413,0,-1.18266,0,10.9015,,,,,,,,,,,,,,,
2025-11-11 21:50:59,"MF36Unit_3Story_NGAS-CZ04","MF36 Restructure Prototype","SAN JOSE INTL","Metrics 2025 (Oct 2022)",39264,39372,"Title24Compliance",6:31,FAIL,-3.57,"--","--","CSE Successful",1142.57,5449.08,17902.8,0,895.393,369.596,22939,-52386.6,58722.1,26093.3,9447.57,0,-101085,0,41876.4,0,0,0,0,0,4118.5,0,4118.5,0,1349.87,0,0,5468.37,0,0,0,0,0,0,0,0,0,0,0,0,0,0.241638,0.985516,3.07439,0,0.178949,12.6116,3.89045,0,7.71536,10.2468,8.51644,1.75564,0,-13.2671,0,28.2342,11.5796,16.6546,0,0,,0,0,,0,,0.211,,"--","--","CSE Successful",1176.27,5728.63,20914.8,0,895.414,50346.3,22939,929.893,58722.1,26091.5,9447.57,0,-101071,0,95191.1,0,0,0,0,0,0,0,0,0,1349.87,0,0,1349.87,0,0,0,0,0,0,0,0,0,0,0,0,0,0.248855,1.03571,3.5886,0,0.178952,8.46024,3.89045,4.13756,10.2468,8.51612,1.75564,0,-13.2652,0,24.6561,20.5551,4.10102,0,0,,0,0,,0,0.393769,0.241001,2.00298,0,0.255216,0.0263813,2.47547,5.19823,6.74443,2.3931,1.09525,0,-0.196595,0,15.431,0.406101,0.251146,2.34651,0,0.255212,3.90524,2.47547,9.44311,6.74443,2.39278,1.09525,0,-0.196566,0,19.6756,"CBECC 2025.2.0 (1394)","BEMCmpMgr 2025.2.0 (605)","CA 2025 Nonresidential, Vers. 1.0","","","CSE 0.927.0 EXE","E:\CBECC\2025.2.0_11102025\CBECC 2025 Data\EPW25\","R:\32185Wilcox\2025 CBECC MF\TDS\2.0-11102025\MultiFamilyStandardModelTests\",,,0.230824,0.294234,1.59226,0,0.147461,0.0250075,2.02406,1.77,5.53913,2.22648,1.03128,0,-2.53718,0,10.57,0,0,0,0,0,24.732,0,24.73,0,8.10613,0,0,32.84,0.237902,0.308802,1.86388,0,0.147459,4.39106,2.02406,6.43,5.53913,2.22629,1.03128,0,-2.53682,0,15.23,0,0,0,0,0,0,0,0,0,8.10613,0,0,8.11,0.111109,0.141632,0.766446,0,0.0709812,9.50871,0.974297,10.3519,2.6663,4.18435,0.496413,0,-1.22129,0,17.699,0.114516,0.148644,0.897193,0,0.0709805,2.11367,0.974297,3.09818,2.6663,4.18426,0.496413,0,-1.22112,0,10.4452,,,,,,,,,,,,,,,
2025-11-11 21:57:32,"MF36Unit_3Story_NGAS-CZ05","MF36 Restructure Prototype","SANTA MARIA","Metrics 2025 (Oct 2022)",39264,39372,"Title24Compliance",6:20,FAIL,-3.97,"--","--","CSE Successful",4714.23,1036.85,17312.1,0,1031.43,368.372,22939,-47533.3,58722.1,25163.2,9447.57,0,-94935.3,0,45799.6,0,0,0,0,0,4314.61,0,4314.61,0,1349.87,0,0,5664.48,0,0,0,0,0,0,0,0,0,0,0,0,0,0.985851,0.157408,2.97653,0,0.204714,13.1747,3.89678,0,8.74118,10.3047,8.38057,1.77906,0,-12.6548,0,29.2055,11.9879,17.2176,0,0,,0,0,,0,,0.206,,"--","--","CSE Successful",4941.29,1082.08,17332.4,0,1031.56,53811.8,22939,6272.17,58722.1,25162.3,9447.57,0,-94865.9,0,99604.2,0,0,0,0,0,0,0,0,0,1349.87,0,0,1349.87,0,0,0,0,0,0,0,0,0,0,0,0,0,1.03336,0.163997,2.98008,0,0.204743,9.16439,3.89678,4.79783,10.3047,8.38042,1.77906,0,-12.6455,0,25.262,21.161,4.10102,0,0,,0,0,,0,1.69941,0.0162578,2.08915,0,0.26338,0.0264736,2.47547,6.29471,6.74443,2.29927,1.09525,0,-0.275449,0,16.4337,1.78226,0.0164216,2.09211,0,0.263401,4.42586,2.47547,10.7803,6.74443,2.29917,1.09525,0,-0.275247,0,20.9191,"CBECC 2025.2.0 (1394)","BEMCmpMgr 2025.2.0 (605)","CA 2025 Nonresidential, Vers. 1.0","","","CSE 0.927.0 EXE","E:\CBECC\2025.2.0_11102025\CBECC 2025 Data\EPW25\","R:\32185Wilcox\2025 CBECC MF\TDS\2.0-11102025\MultiFamilyStandardModelTests\",,,0.861946,0.0536206,1.6033,0,0.157039,0.0252818,2.02406,2.08,5.53913,2.15152,1.03128,0,-2.63736,0,10.8,0,0,0,0,0,25.9096,0,25.91,0,8.10613,0,0,34.02,0.90338,0.0556272,1.60535,0,0.157059,4.67758,2.02406,6.79,5.53913,2.15145,1.03128,0,-2.63543,0,15.51,0,0,0,0,0,0,0,0,0,8.10613,0,0,8.11,0.414904,0.0258107,0.771761,0,0.0755919,9.96105,0.974297,10.9539,2.6663,4.14827,0.496413,0,-1.26951,0,18.2649,0.434849,0.0267766,0.772745,0,0.0756017,2.25159,0.974297,3.26727,2.6663,4.14823,0.496413,0,-1.26858,0,10.5782,,,,,,,,,,,,,,,
2025-11-11 22:04:18,"MF36Unit_3Story_NGAS-CZ06","MF36 Restructure Prototype","TORRANCE-MUNI-AP","Metrics 2025 (Oct 2022)",39264,39372,"Title24Compliance",6:33,FAIL,-4.68,"--","--","CSE Successful",1725.92,8423.39,18296.5,0,435.315,335.688,22939,-54083.6,58722.1,25843.9,9447.57,0,-106239,0,39930,0,0,0,0,0,4062.79,0,4062.79,0,1349.87,0,0,5412.66,0,0,0,0,0,0,0,0,0,0,0,0,0,0.363026,1.43121,3.14686,0,0.0878316,12.4329,3.90766,0,6.88293,10.2418,8.48736,1.73757,0,-14.4865,0,27.3496,10.8643,16.4854,0,0,,0,0,,0,,0.176,,"--","--","CSE Successful",1833.55,8815.33,18275.9,0,434.513,45873.7,22939,-8025.74,58722.1,25843.9,9447.57,0,-106198,0,85987.9,0,0,0,0,0,0,0,0,0,1349.87,0,0,1349.87,0,0,0,0,0,0,0,0,0,0,0,0,0,0.38579,1.50052,3.14384,0,0.0876617,7.64939,3.90766,2.19405,10.2418,8.48733,1.73757,0,-14.4808,0,22.6607,18.5541,4.1066,0,0,,0,0,,0,0.531226,0.436573,2.04692,0,0.1144,0.0263204,2.47547,5.31607,6.74443,2.37222,1.09525,0,-0.31484,0,15.528,0.56482,0.46579,2.04685,0,0.114145,3.40799,2.47547,8.76035,6.74443,2.37217,1.09525,0,-0.314716,0,18.9722,"CBECC 2025.2.0 (1394)","BEMCmpMgr 2025.2.0 (605)","CA 2025 Nonresidential, Vers. 1.0","","","CSE 0.927.0 EXE","E:\CBECC\2025.2.0_11102025\CBECC 2025 Data\EPW25\","R:\32185Wilcox\2025 CBECC MF\TDS\2.0-11102025\MultiFamilyStandardModelTests\",,,0.34904,0.436119,1.62273,0,0.0791826,0.0242613,2.02406,1.53,5.53913,2.20313,1.03128,0,-3.00328,0,10.3,0,0,0,0,0,24.3974,0,24.4,0,8.10613,0,0,32.51,0.371076,0.457136,1.62142,0,0.079018,3.90481,2.02406,5.45,5.53913,2.20306,1.03128,0,-3.0021,0,14.22,0,0,0,0,0,0,0,0,0,8.10613,0,0,8.11,0.168013,0.209929,0.781115,0,0.0381151,9.32044,0.974297,10.0463,2.6663,4.15336,0.496413,0,-1.44565,0,17.3623,0.17862,0.220046,0.780484,0,0.0380359,1.87961,0.974297,2.62601,2.6663,4.15332,0.496413,0,-1.44508,0,9.94205,,,,,,,,,,,,,,,
2025-11-11 22:11:05,"MF36Unit_3Story_NGAS-CZ07","MF36 Restructure Prototype","SAN DIEGO INTL","Metrics 2025 (Oct 2022)",39264,39372,"Title24Compliance",6:34,FAIL,-4.25,"--","--","CSE Successful",849.254,6766.08,18644.7,0,116.4,363.946,22939,-46167.2,58722.1,25926.2,9447.57,0,-95846.6,0,47928.7,0,0,0,0,0,3874.79,0,3874.79,0,1349.87,0,0,5224.66,0,0,0,0,0,0,0,0,0,0,0,0,0,0.148053,1.36629,3.21026,0,0.0209822,11.8821,3.88128,0,8.30781,10.3351,8.55469,1.80271,0,-12.2011,0,29.0003,13.0594,15.9408,0,0,,0,0,,0,,0.214,,"--","--","CSE Successful",870.195,7074.44,18593.5,0,116.411,45168.6,22939,-1035.38,58722.1,25931.8,9447.57,0,-95797.5,0,93066.1,0,0,0,0,0,0,0,0,0,1349.87,0,0,1349.87,0,0,0,0,0,0,0,0,0,0,0,0,0,0.151638,1.42818,3.201,0,0.020983,7.57017,3.88128,4.05839,10.3351,8.55559,1.80271,0,-12.1949,0,24.7517,20.6364,4.11533,0,0,,0,0,,0,0.107539,0.36811,2.06288,0,0.0201038,0.0263432,2.47547,4.71547,6.74443,2.38779,1.09525,0,-0.344974,0,14.9429,0.109296,0.392203,2.05836,0,0.0200945,3.3178,2.47547,8.02843,6.74443,2.38864,1.09525,0,-0.344797,0,18.2567,"CBECC 2025.2.0 (1394)","BEMCmpMgr 2025.2.0 (605)","CA 2025 Nonresidential, Vers. 1.0","","","CSE 0.927.0 EXE","E:\CBECC\2025.2.0_11102025\CBECC 2025 Data\EPW25\","R:\32185Wilcox\2025 CBECC MF\TDS\2.0-11102025\MultiFamilyStandardModelTests\",,,0.138119,0.400899,1.65667,0,0.0204251,0.0252365,2.02406,1.42,5.53913,2.21243,1.03128,0,-2.85109,0,10.2,0,0,0,0,0,23.2685,0,23.27,0,8.10613,0,0,31.38,0.141424,0.41973,1.65188,0,0.0204251,3.77673,2.02406,5.18,5.53913,2.21295,1.03128,0,-2.84963,0,13.96,0,0,0,0,0,0,0,0,0,8.10613,0,0,8.11,0.0664848,0.192976,0.797452,0,0.00983178,8.85874,0.974297,9.52739,2.6663,4.14689,0.496413,0,-1.37239,0,16.837,0.0680754,0.20204,0.795147,0,0.00983176,1.81796,0.974297,2.49566,2.6663,4.14714,0.496413,0,-1.37169,0,9.80551,,,,,,,,,,,,,,,
2025-11-11 22:17:48,"MF36Unit_3Story_NGAS-CZ08","MF36 Restructure Prototype","FULLERTON","Metrics 2025 (Oct 2022)",39264,39372,"Title24Compliance",6:30,FAIL,-4.67,"--","--","CSE Successful",758.117,15494.3,19826.1,0,427.133,334.311,22939,-51597.5,58722.1,26195.7,9447.57,0,-111376,0,42767.9,0,0,0,0,0,3909.27,0,3909.27,0,1349.87,0,0,5259.14,0,0,0,0,0,0,0,0,0,0,0,0,0,0.166459,2.54063,3.38441,0,0.091371,11.973,3.89864,0,6.91733,10.2039,8.53082,1.725,0,-15.1371,0,27.3771,11.3513,16.0257,0,0,,0,0,,0,,0.182,,"--","--","CSE Successful",765.077,15509.6,19847.7,0,427.227,43736.2,22939,-8072.03,58722.1,26194.6,9447.57,0,-111297,0,86292.3,0,0,0,0,0,0,0,0,0,1349.87,0,0,1349.87,0,0,0,0,0,0,0,0,0,0,0,0,0,0.167935,2.54172,3.38789,0,0.0913917,7.28208,3.89864,2.24332,10.2039,8.53064,1.725,0,-15.1263,0,22.7029,18.5963,4.1066,0,0,,0,0,,0,0.292146,0.485,2.08254,0,0.180227,0.0263244,2.47547,5.18187,6.74443,2.3962,1.09525,0,-0.359842,0,15.4177,0.294434,0.481541,2.08431,0,0.180281,3.34545,2.47547,8.5019,6.74443,2.39601,1.09525,0,-0.359585,0,18.7376,"CBECC 2025.2.0 (1394)","BEMCmpMgr 2025.2.0 (605)","CA 2025 Nonresidential, Vers. 1.0","","","CSE 0.927.0 EXE","E:\CBECC\2025.2.0_11102025\CBECC 2025 Data\EPW25\","R:\32185Wilcox\2025 CBECC MF\TDS\2.0-11102025\MultiFamilyStandardModelTests\",,,0.166364,0.744051,1.69917,0,0.0817141,0.0241767,2.02406,1.61,5.53913,2.22802,1.03128,0,-3.12423,0,10.41,0,0,0,0,0,23.4755,0,23.48,0,8.10613,0,0,31.59,0.167804,0.743557,1.70094,0,0.0817303,3.78194,2.02406,5.37,5.53913,2.22791,1.03128,0,-3.12201,0,14.17,0,0,0,0,0,0,0,0,0,8.10613,0,0,8.11,0.0800807,0.358155,0.817909,0,0.0393337,8.96864,0.974297,9.73455,2.6663,4.16534,0.496413,0,-1.50387,0,17.0626,0.0807735,0.357917,0.818762,0,0.0393415,1.82046,0.974297,2.58875,2.6663,4.16529,0.496413,0,-1.5028,0,9.91675,,,,,,,,,,,,,,,
2025-11-11 22:24:27,"MF36Unit_3Story_NGAS-CZ09","MF36 Restructure Prototype","HOLLYWOOD BURBANK","Metrics 2025 (Oct 2022)",39264,39372,"Title24Compliance",6:26,FAIL,-4.57,"--","--","CSE Successful",2385.08,13095.9,19694.9,0,511.176,337.771,22939,-57630.4,58722.1,25982.5,9447.57,0,-116594,0,36521.7,0,0,0,0,0,3918.32,0,3918.32,0,1349.87,0,0,5268.19,0,0,0,0,0,0,0,0,0,0,0,0,0,0.511727,2.2564,3.38961,0,0.109292,12.0052,3.89851,0,6.33111,10.2009,8.49109,1.72216,0,-15.8397,0,26.7452,10.6877,16.0575,0,0,,0,0,,0,,0.188,,"--","--","CSE Successful",2396.36,13112.9,19719.7,0,511.251,44657.7,22939,-13226.4,58722.1,25981.7,9447.57,0,-116563,0,80925,0,0,0,0,0,0,0,0,0,1349.87,0,0,1349.87,0,0,0,0,0,0,0,0,0,0,0,0,0,0.514171,2.25813,3.39374,0,0.109309,7.43874,3.89851,1.77713,10.2009,8.49097,1.72216,0,-15.8355,0,22.1911,18.0845,4.1066,0,0,,0,0,,0,0.814682,0.52199,2.16948,0,0.217786,0.0263985,2.47547,5.804,6.74443,2.37153,1.09525,0,-0.421806,0,16.0152,0.819252,0.519357,2.17198,0,0.217822,3.52606,2.47547,9.30826,6.74443,2.3714,1.09525,0,-0.421694,0,19.5193,"CBECC 2025.2.0 (1394)","BEMCmpMgr 2025.2.0 (605)","CA 2025 Nonresidential, Vers. 1.0","","","CSE 0.927.0 EXE","E:\CBECC\2025.2.0_11102025\CBECC 2025 Data\EPW25\","R:\32185Wilcox\2025 CBECC MF\TDS\2.0-11102025\MultiFamilyStandardModelTests\",,,0.501175,0.666253,1.73678,0,0.096113,0.0243348,2.02406,1.82,5.53913,2.20984,1.03128,0,-3.23479,0,10.6,0,0,0,0,0,23.5299,0,23.53,0,8.10613,0,0,31.64,0.503507,0.666183,1.73897,0,0.0961275,3.92155,2.02406,5.72,5.53913,2.20978,1.03128,0,-3.23394,0,14.5,0,0,0,0,0,0,0,0,0,8.10613,0,0,8.11,0.241244,0.320706,0.83601,0,0.0462647,8.98946,0.974297,9.85089,2.6663,4.15659,0.496413,0,-1.55709,0,17.1702,0.242367,0.320672,0.837065,0,0.0462717,1.88767,0.974297,2.75166,2.6663,4.15656,0.496413,0,-1.55668,0,10.0709,,,,,,,,,,,,,,,
2025-11-11 22:31:12,"MF36Unit_3Story_NGAS-CZ10","MF36 Restructure Prototype","RIVERSIDE","Metrics 2025 (Oct 2022)",39264,39372,"Title24Compliance",6:31,FAIL,-2.59,"--","--","CSE Successful",2494.33,18354.4,20772.8,0,622.325,435.858,22939,-53962.8,58722.1,26044,9447.57,0,-119581,0,40250.9,0,0,0,0,0,3221.01,0,3221.01,0,1349.87,0,0,4570.88,0,0,0,0,0,0,0,0,0,0,0,0,0,0.539432,2.99681,3.55413,0,0.12957,9.91808,3.89807,0,4.79676,10.2013,8.50172,1.72452,0,-16.2393,0,25.2243,11.2672,13.9571,0,0,,0,0,,0,,0.358,,"--","--","CSE Successful",2505.93,18376,20795.1,0,622.448,43848.6,22939,-10567.1,58722.1,26043.3,9447.57,0,-119654,0,83645.8,0,0,0,0,0,0,0,0,0,1349.87,0,0,1349.87,0,0,0,0,0,0,0,0,0,0,0,0,0,0.541995,2.99893,3.55777,0,0.129596,7.32588,3.89807,2.20302,10.2013,8.50159,1.72452,0,-16.2492,0,22.6304,18.5238,4.1066,0,0,,0,0,,0,1.02059,0.53567,2.2329,0,0.242292,0.0265177,2.47547,6.08232,6.74443,2.36779,1.09525,0,-0.451115,0,16.2898,1.02624,0.532257,2.23502,0,0.242339,3.57712,2.47547,9.63706,6.74443,2.36766,1.09525,0,-0.45139,0,19.8444,"CBECC 2025.2.0 (1394)","BEMCmpMgr 2025.2.0 (605)","CA 2025 Nonresidential, Vers. 1.0","","","CSE 0.927.0 EXE","E:\CBECC\2025.2.0_11102025\CBECC 2025 Data\EPW25\","R:\32185Wilcox\2025 CBECC MF\TDS\2.0-11102025\MultiFamilyStandardModelTests\",,,0.499429,0.851634,1.79393,0,0.107596,0.0269992,2.02406,1.98,5.53913,2.2117,1.03128,0,-3.31907,0,10.76,0,0,0,0,0,19.3425,0,19.34,0,8.10613,0,0,27.45,0.501753,0.851427,1.79582,0,0.107616,3.87611,2.02406,5.84,5.53913,2.21164,1.03128,0,-3.32109,0,14.62,0,0,0,0,0,0,0,0,0,8.10613,0,0,8.11,0.240404,0.40994,0.863524,0,0.0517921,7.39305,0.974297,8.33534,2.6663,4.15748,0.496413,0,-1.59766,0,15.6555,0.241522,0.409841,0.86443,0,0.0518019,1.86579,0.974297,2.80906,2.6663,4.15745,0.496413,0,-1.59863,0,10.1292,,,,,,,,,,,,,,,
2025-11-11 22:37:48,"MF36Unit_3Story_NGAS-CZ11","MF36 Restructure Prototype","RED BLUFF","Metrics 2025 (Oct 2022)",39264,39372,"Title24Compliance",6:23,FAIL,-1.83,"--","--","CSE Successful",5052.58,24056.3,24830.9,0,1289.55,453.089,22939,-42662.1,58722.1,26065.7,9447.57,0,-121283,0,51573.3,0,0,0,0,0,3283.84,0,3283.84,0,1349.87,0,0,4633.72,0,0,0,0,0,0,0,0,0,0,0,0,0,1.09568,4.09741,4.26694,0,0.253415,10.1676,3.89054,0,7.98552,10.2413,8.50353,1.75165,0,-15.786,0,28.482,14.2822,14.1997,0,0,,0,0,,0,,0.364,,"--","--","CSE Successful",5073.28,24085.9,24853.8,0,1289.87,48967.5,22939,5898.44,58722.1,26064.6,9447.57,0,-121311,0,100133,0,0,0,0,0,0,0,0,0,1349.87,0,0,1349.87,0,0,0,0,0,0,0,0,0,0,0,0,0,1.10024,4.10086,4.27074,0,0.253476,8.34143,3.89054,6.16766,10.2413,8.50335,1.75165,0,-15.7896,0,26.6639,22.5629,4.10102,0,0,,0,0,,0,2.05555,0.747241,2.69833,0,0.32063,0.0262919,2.47547,8.15367,6.74443,2.34356,1.09525,0,-0.169848,0,18.3369,2.06522,0.742845,2.70053,0,0.320671,4.4695,2.47547,12.6044,6.74443,2.34344,1.09525,0,-0.169887,0,22.7875,"CBECC 2025.2.0 (1394)","BEMCmpMgr 2025.2.0 (605)","CA 2025 Nonresidential, Vers. 1.0","","","CSE 0.927.0 EXE","E:\CBECC\2025.2.0_11102025\CBECC 2025 Data\EPW25\","R:\32185Wilcox\2025 CBECC MF\TDS\2.0-11102025\MultiFamilyStandardModelTests\",,,1.01347,1.20308,2.15381,0,0.20809,0.0262942,2.02406,3.77,5.53913,2.20487,1.03128,0,-2.84528,0,12.54,0,0,0,0,0,19.7198,0,19.72,0,8.10613,0,0,27.83,1.01756,1.20294,2.15575,0,0.20814,4.75279,2.02406,8.51,5.53913,2.20478,1.03128,0,-2.84592,0,17.28,0,0,0,0,0,0,0,0,0,8.10613,0,0,8.11,0.487842,0.579114,1.03675,0,0.100166,7.58474,0.974297,9.39331,2.6663,4.17395,0.496413,0,-1.3696,0,16.73,0.489809,0.579043,1.03769,0,0.10019,2.28779,0.974297,4.09891,2.6663,4.1739,0.496413,0,-1.36991,0,11.4355,,,,,,,,,,,,,,,
2025-11-11 22:44:22,"MF36Unit_3Story_NGAS-CZ12","MF36 Restructure Prototype","SACRAMENTO EXECUTIVE","Metrics 2025 (Oct 2022)",39264,39372,"Title24Compliance",6:21,FAIL,-1.98,"--","--","CSE Successful",5483.15,11314.7,22443.8,0,1264.66,418.387,22939,-47060.3,58722.1,25900,9447.57,0,-110924,0,47009.4,0,0,0,0,0,3461.24,0,3461.24,0,1349.87,0,0,4811.11,0,0,0,0,0,0,0,0,0,0,0,0,0,1.16337,2.08183,3.88503,0,0.24688,10.6812,3.89072,0,7.55522,10.2422,8.48062,1.75313,0,-14.3938,0,28.0312,13.3116,14.7196,0,0,,0,0,,0,,0.344,,"--","--","CSE Successful",5504.92,11332.7,22466.8,0,1264.56,51416,22939,3965.98,58722.1,25898.7,9447.57,0,-110958,0,98034.4,0,0,0,0,0,0,0,0,0,1349.87,0,0,1349.87,0,0,0,0,0,0,0,0,0,0,0,0,0,1.16806,2.08404,3.88894,0,0.246856,8.69905,3.89072,5.57946,10.2422,8.48042,1.75313,0,-14.3982,0,26.0552,21.9542,4.10102,0,0,,0,0,,0,2.16929,0.320341,2.5591,0,0.310817,0.0223122,2.47547,7.67381,6.74443,2.33431,1.09525,0,-0.18352,0,17.8478,2.17884,0.317833,2.56182,0,0.31074,4.3693,2.47547,12.0304,6.74443,2.33416,1.09525,0,-0.183577,0,22.2043,"CBECC 2025.2.0 (1394)","BEMCmpMgr 2025.2.0 (605)","CA 2025 Nonresidential, Vers. 1.0","","","CSE 0.927.0 EXE","E:\CBECC\2025.2.0_11102025\CBECC 2025 Data\EPW25\","R:\32185Wilcox\2025 CBECC MF\TDS\2.0-11102025\MultiFamilyStandardModelTests\",,,1.01062,0.613242,2.0116,0,0.198707,0.022841,2.02406,3.34,5.53913,2.19444,1.03128,0,-2.52645,0,12.1,0,0,0,0,0,20.7851,0,20.79,0,8.10613,0,0,28.9,1.01472,0.613571,2.01376,0,0.198687,4.78154,2.02406,8.1,5.53913,2.19433,1.03128,0,-2.52722,0,16.86,0,0,0,0,0,0,0,0,0,8.10613,0,0,8.11,0.48647,0.295188,0.968296,0,0.0956491,7.99213,0.974297,9.5959,2.6663,4.16893,0.496413,0,-1.21613,0,16.9275,0.488441,0.295347,0.969337,0,0.0956393,2.30163,0.974297,3.90819,2.6663,4.16888,0.496413,0,-1.2165,0,11.2398,,,,,,,,,,,,,,,
2025-11-11 22:50:58,"MF36Unit_3Story_NGAS-CZ13","MF36 Restructure Prototype","FRESNO YOSEMITE","Metrics 2025 (Oct 2022)",39264,39372,"Title24Compliance",6:22,FAIL,-2.48,"--","--","CSE Successful",3246.68,28048.8,25138.2,0,1135.74,429.008,22939,-50801.4,58722.1,26256.1,9447.57,0,-131739,0,43624.5,0,0,0,0,0,3360.48,0,3360.48,0,1349.87,0,0,4710.36,0,0,0,0,0,0,0,0,0,0,0,0,0,0.700937,4.90955,4.31942,0,0.22584,10.392,3.8882,0,7.25619,10.2344,8.5405,1.75445,0,-17.1797,0,27.7856,13.3585,14.4271,0,0,,0,0,,0,,0.326,,"--","--","CSE Successful",3261.91,28081.2,25158.9,0,1135.91,46814.8,22939,-4270.59,58722.1,26255.1,9447.57,0,-131662,0,90154.2,0,0,0,0,0,0,0,0,0,1349.87,0,0,1349.87,0,0,0,0,0,0,0,0,0,0,0,0,0,0.704256,4.91353,4.3228,0,0.225871,7.89772,3.8882,4.78264,10.2344,8.54032,1.75445,0,-17.1697,0,25.3118,21.2108,4.10102,0,0,,0,0,,0,1.43524,1.04322,2.65112,0,0.32443,0.0262425,2.47547,7.68904,6.74443,2.35747,1.09525,0,-0.266687,0,17.8862,1.44255,1.03885,2.65286,0,0.324443,4.0578,2.47547,11.7254,6.74443,2.35729,1.09525,0,-0.266532,0,21.9224,"CBECC 2025.2.0 (1394)","BEMCmpMgr 2025.2.0 (605)","CA 2025 Nonresidential, Vers. 1.0","","","CSE 0.927.0 EXE","E:\CBECC\2025.2.0_11102025\CBECC 2025 Data\EPW25\","R:\32185Wilcox\2025 CBECC MF\TDS\2.0-11102025\MultiFamilyStandardModelTests\",,,0.60674,1.49473,2.14261,0,0.183558,0.0259119,2.02406,3.39,5.53913,2.22258,1.03128,0,-3.08318,0,12.18,0,0,0,0,0,20.18,0,20.18,0,8.10613,0,0,28.29,0.60957,1.49431,2.14415,0,0.183582,4.38777,2.02406,7.75,5.53913,2.22246,1.03128,0,-3.08139,0,16.54,0,0,0,0,0,0,0,0,0,8.10613,0,0,8.11,0.292059,0.7195,1.03136,0,0.0883569,7.76127,0.974297,9.38274,2.6663,4.18247,0.496413,0,-1.48411,0,16.7279,0.293421,0.719298,1.0321,0,0.0883685,2.11208,0.974297,3.73632,2.6663,4.18242,0.496413,0,-1.48325,0,11.0815,,,,,,,,,,,,,,,
2025-11-11 22:57:29,"MF36Unit_3Story_NGAS-CZ14","MF36 Restructure Prototype","PALMDALE","Metrics 2025 (Oct 2022)",39264,39372,"Title24Compliance",6:18,FAIL,-1.37,"--","--","CSE Successful",5688.96,21588.9,25093.2,0,1390.44,449.982,22939,-49614.9,58722.1,26006.8,9447.57,0,-126765,0,44561.6,0,0,0,0,0,3266.43,0,3266.43,0,1349.87,0,0,4616.31,0,0,0,0,0,0,0,0,0,0,0,0,0,1.2136,3.47018,4.28945,0,0.27299,10.0996,3.89493,0,5.94944,10.1817,8.48646,1.71772,0,-17.2913,0,26.3353,12.1989,14.1365,0,0,,0,0,,0,,0.375,,"--","--","CSE Successful",5716.38,21613.3,25113.2,0,1390.47,51124.9,22939,1124.45,58722.1,26006,9447.57,0,-126773,0,95300.1,0,0,0,0,0,0,0,0,0,1349.87,0,0,1349.87,0,0,0,0,0,0,0,0,0,0,0,0,0,1.21949,3.47265,4.29275,0,0.27299,8.72231,3.89493,4.58281,10.1817,8.48631,1.71772,0,-17.2923,0,24.9686,20.862,4.1066,0,0,,0,0,,0,2.25663,0.540914,2.74333,0,0.386911,0.0266584,2.47547,7.99166,6.74443,2.35729,1.09525,0,-0.438254,0,18.1886,2.26861,0.537668,2.74574,0,0.386849,5.19818,2.47547,13.1742,6.74443,2.35715,1.09525,0,-0.43828,0,23.3711,"CBECC 2025.2.0 (1394)","BEMCmpMgr 2025.2.0 (605)","CA 2025 Nonresidential, Vers. 1.0","","","CSE 0.927.0 EXE","E:\CBECC\2025.2.0_11102025\CBECC 2025 Data\EPW25\","R:\32185Wilcox\2025 CBECC MF\TDS\2.0-11102025\MultiFamilyStandardModelTests\",,,1.11494,0.988389,2.18731,0,0.220283,0.0280006,2.02406,2.81,5.53913,2.20494,1.03128,0,-3.7491,0,11.58,0,0,0,0,0,19.6153,0,19.62,0,8.10613,0,0,27.73,1.12023,0.987861,2.18907,0,0.22028,5.0932,2.02406,7.88,5.53913,2.20486,1.03128,0,-3.74932,0,16.65,0,0,0,0,0,0,0,0,0,8.10613,0,0,8.11,0.536685,0.475768,1.05288,0,0.106035,7.49761,0.974297,8.83862,2.6663,4.15423,0.496413,0,-1.80466,0,16.1556,0.539229,0.475514,1.05373,0,0.106033,2.45165,0.974297,3.79569,2.6663,4.15419,0.496413,0,-1.80476,0,11.1126,,,,,,,,,,,,,,,
2025-11-11 23:04:21,"MF36Unit_3Story_NGAS-CZ15","MF36 Restructure Prototype","PALM SPRINGS","Metrics 2025 (Oct 2022)",39264,39372,"Title24Compliance",6:39,FAIL,-3.59,"--","--","CSE Successful",728.894,64053.1,30404.7,0,345.902,377.693,22939,-56996.9,58722.1,26667.5,9447.57,0,-175846,0,37840.3,0,0,0,0,0,2838.29,0,2838.29,0,1349.87,0,0,4188.16,0,0,0,0,0,0,0,0,0,0,0,0,0,0.172726,10.2977,5.11263,0,0.0784658,8.77543,3.89081,0,4.37224,10.1737,8.593,1.72366,0,-23.9555,0,24.8626,12.0405,12.8221,0,0,,0,0,,0,,0.318,,"--","--","CSE Successful",733.501,64107.9,27432.8,0,346.099,33931,22939,-26324.4,58722.1,26666.9,9447.57,0,-175815,0,68512.2,0,0,0,0,0,0,0,0,0,1349.87,0,0,1349.87,0,0,0,0,0,0,0,0,0,0,0,0,0,0.173796,10.3039,4.60464,0,0.0785108,5.69216,3.89081,0.792575,10.1737,8.59289,1.72366,0,-23.9512,0,21.2828,17.1762,4.1066,0,0,,0,0,,0,0.375149,2.18523,2.8245,0,0.18038,0.0264613,2.47547,7.38977,6.74443,2.41219,1.09525,0,-0.67743,0,17.6416,0.377607,2.18004,2.48385,0,0.180488,2.92406,2.47547,9.94421,6.74443,2.41203,1.09525,0,-0.677309,0,20.1959,"CBECC 2025.2.0 (1394)","BEMCmpMgr 2025.2.0 (605)","CA 2025 Nonresidential, Vers. 1.0","","","CSE 0.927.0 EXE","E:\CBECC\2025.2.0_11102025\CBECC 2025 Data\EPW25\","R:\32185Wilcox\2025 CBECC MF\TDS\2.0-11102025\MultiFamilyStandardModelTests\",,,0.182492,3.07599,2.39532,0,0.0744691,0.0257434,2.02406,2.5,5.53913,2.25952,1.03128,0,-5.28339,0,11.33,0,0,0,0,0,17.0442,0,17.04,0,8.10613,0,0,25.15,0.183552,3.07461,2.12647,0,0.0745111,3.15779,2.02406,5.35,5.53913,2.25944,1.03128,0,-5.28244,0,14.18,0,0,0,0,0,0,0,0,0,8.10613,0,0,8.11,0.0878441,1.48065,1.153,0,0.0358462,6.51555,0.974297,7.70399,2.6663,4.1805,0.496413,0,-2.5432,0,15.0472,0.0883543,1.47999,1.02359,0,0.0358665,1.52003,0.974297,2.57938,2.6663,4.18046,0.496413,0,-2.54274,0,9.92256,,,,,,,,,,,,,,,
2025-11-11 23:10:39,"MF36Unit_3Story_NGAS-CZ16","MF36 Restructure Prototype","BLUE CANYON","Metrics 2025 (Oct 2022)",39264,39372,"Title24Compliance",6:05,FAIL,0.32,"--","--","CSE Successful",0,6477.7,23486.2,0,1813.07,484.984,22939,-49519.4,58722.1,25653.1,9447.57,0,-104720,0,44303.3,1401.64,0,0,0,0,3853.41,0,5255.06,0,1349.87,0,0,6604.93,0,0,0,0,0,0,0,0,0,0,0,0,0,4.46786,0.961983,4.01519,0,0.34219,11.8873,3.91614,0,11.4168,10.2773,8.45116,1.74929,0,-14.1739,0,31.8945,11.5071,20.3875,0,0,,0,0,,0,,0.354,,"--","--","CSE Successful",0,6479.98,23502,0,1812.34,70375,22939,20416.2,58722.1,25651.2,9447.57,0,-104692,0,114237,1406.84,0,0,0,0,0,0,1406.84,0,1349.87,0,0,2756.71,0,0,0,0,0,0,0,0,0,0,0,0,0,4.48436,0.961889,4.01786,0,0.342058,12.1995,3.91614,11.7517,10.2773,8.45083,1.74929,0,-14.1701,0,32.2291,23.6382,8.59096,0,0,,0,0,,0,0,0.140972,2.55642,0,0.313175,0.0265955,2.47547,5.27148,6.74443,2.33919,1.09525,0,-0.241156,0,15.4504,0,0.139147,2.55788,0,0.313086,5.67118,2.47547,10.9157,6.74443,2.33891,1.09525,0,-0.241091,0,21.0943,"CBECC 2025.2.0 (1394)","BEMCmpMgr 2025.2.0 (605)","CA 2025 Nonresidential, Vers. 1.0","","","CSE 0.927.0 EXE","E:\CBECC\2025.2.0_11102025\CBECC 2025 Data\EPW25\","R:\32185Wilcox\2025 CBECC MF\TDS\2.0-11102025\MultiFamilyStandardModelTests\",,,0,0.33419,2.09315,0,0.218369,0.0277745,2.02406,2.01,5.53913,2.18231,1.03128,0,-2.68126,0,10.76,8.41701,0,0,0,0,23.1401,0,31.56,0,8.10613,0,0,39.67,0,0.333768,2.09459,0,0.218283,6.60473,2.02406,8.58,5.53913,2.18213,1.03128,0,-2.68053,0,17.33,8.44822,0,0,0,0,0,0,8.45,0,8.10613,0,0,16.56,3.21148,0.160865,1.00755,0,0.105113,8.8424,0.974297,13.0111,2.6663,4.14333,0.496413,0,-1.29064,0,20.3171,3.22339,0.160662,1.00825,0,0.105072,3.17924,0.974297,7.36061,2.6663,4.14325,0.496413,0,-1.2903,0,14.6666,,,,,,,,,,,,,,,
2025-11-11 23:22:14,"MF88Unit_5Story_ELEC-CZ12","MF88 Restructure Prototype","SACRAMENTO EXECUTIVE","Metrics 2025 (Oct 2022)",112641,140925,"Title24Compliance",11:22,FAIL,-0.37,"--","--","CSE Successful, E+ Successful (171 warnings)",10801.6,77484.7,75105.8,0,4412.17,156641,131792,44357.2,207472,144322,22796.6,64156.7,-416986,5105.28,483105,1561.35,0,0,0,0,0,0,1561.35,0,0,0,0,1561.35,0,0,0,0,0,0,0,0,0,0,0,0,0,1.63279,3.97635,4.28278,0,0.288584,8.91498,6.87862,0,7.54745,11.432,8.35261,1.47456,3.81961,-17.8184,-0.608263,32.6262,31.8001,0.826104,0,0,,0,0,,0,,,,"--","--","CSE Successful, E+ Successful (171 warnings)",10705.8,81078.6,76205.5,0,3750.87,155005,134880,35428.8,207472,144314,22796.6,64156.7,-431225,5028.2,474168,1399.09,0,0,0,0,0,0,1399.09,0,0,0,0,1399.09,0,0,0,0,0,0,0,0,0,0,0,0,0,1.5385,4.11502,4.31906,0,0.255219,8.80467,6.995,7.16239,11.432,8.35209,1.47456,3.81961,-18.1662,-0.698887,32.2407,31.5025,0.738188,0,0,,0,0,,0,4.55303,1.29988,7.13557,0,0.979452,12.0645,9.0898,33.8946,17.6224,10.4498,2.64279,7.32385,-0.689892,-0.537721,71.9334,4.5338,1.28937,7.08013,0,0.924723,12.1622,9.09689,33.8252,17.6224,10.4483,2.64279,7.32385,-0.71345,-0.548465,71.8625,"CBECC 2025.2.0 (1394)","BEMCmpMgr 2025.2.0 (605)","CA 2025 Nonresidential, Vers. 1.0","3.10.0+e80a80c812","25.1.0-1c11a3d85f","CSE 0.927.0 EXE","E:\CBECC\2025.2.0_11102025\CBECC 2025 Data\EPW25\","R:\32185Wilcox\2025 CBECC MF\TDS\2.0-11102025\MultiFamilyStandardModelTests\",,,2.01495,3.18588,6.12735,0,0.665022,14.104,9.96585,22.52,17.2188,11.5679,2.48843,5.78588,-9.49745,-4.04913,59.59,8.53012,0,0,0,0,0,0,8.53,0,0,0,0,8.53,2.00047,3.2878,6.15514,0,0.590348,13.876,10.0722,22.1,17.2188,11.5669,2.48843,5.78588,-9.82176,-4.0654,59.17,7.64364,0,0,0,0,0,0,7.64,0,0,0,0,7.64,1.59305,0.534558,1.02811,0,0.111584,2.36651,1.67217,5.033,2.88914,1.94098,0.417533,0.970812,-1.59358,-0.679403,11.2515,1.4602,0.551659,1.03277,0,0.0990545,2.36096,1.69001,4.86453,2.88914,1.94081,0.417533,0.970812,-1.64799,-0.682133,11.0828,,,,,,,,,,,,,,,
2025-11-11 23:23:10,"MF8Unit_2Story_ELEC-CZ12","MF8 Restructure Prototype","SACRAMENTO EXECUTIVE","Metrics 2025 (Oct 2022)",7320,7320,"Title24Compliance",0:37,PASS,0.05,"--","--","CSE Successful",758.216,1874.92,2420.04,0,145.992,8414.28,0,-11053.8,12062.1,13091.6,2097.56,0,-24667.2,0,16197.4,0,0,0,0,0,0,0,0,0,0,0,0,0,0,0,0,0,0,0,0,0,0,0,0,0,0,0.873603,1.95248,2.30266,0,0.153193,7.82453,0,0,-4.06288,11.3766,11.6329,2.08781,0,-17.1694,0,21.0344,21.0344,0,0,0,,0,0,,0,,,,"--","--","CSE Successful",760.864,1870.81,2417.06,0,145.19,8436.3,0,-11016.8,12062.1,13090.9,2097.56,0,-24647.1,0,16233.7,0,0,0,0,0,0,0,0,0,0,0,0,0,0,0,0,0,0,0,0,0,0,0,0,0,0,0.878079,1.95157,2.30087,0,0.152363,7.84981,0,-4.02262,11.3766,11.6322,2.08781,0,-17.1553,0,21.074,21.074,0,0,0,,0,0,,0,0.315526,0.0710954,0.287643,0,0.0362513,0.963246,0,1.63295,1.45782,1.00609,0.243169,0,-0.0408112,0,4.34003,0.318308,0.0687359,0.287323,0,0.0360748,0.959637,0,1.6293,1.45782,1.00601,0.243169,0,-0.0407778,0,4.3363,"CBECC 2025.2.0 (1394)","BEMCmpMgr 2025.2.0 (605)","CA 2025 Nonresidential, Vers. 1.0","","","CSE 0.927.0 EXE","E:\CBECC\2025.2.0_11102025\CBECC 2025 Data\EPW25\","R:\32185Wilcox\2025 CBECC MF\TDS\2.0-11102025\MultiFamilyStandardModelTests\",,,0.143975,0.110924,0.219989,0,0.0230501,0.867198,0,0.8,1.1656,1.05273,0.228966,0,-0.561831,0,3.25,0,0,0,0,0,0,0,0,0,0,0,0,0,0.144831,0.110366,0.2198,0,0.0229273,0.869951,0,0.8,1.1656,1.05261,0.228966,0,-0.561371,0,3.25,0,0,0,0,0,0,0,0,0,0,0,0,0,0.371739,0.286403,0.568004,0,0.0595148,2.23908,0,2.07411,3.00954,2.71811,0.591183,0,-1.45063,0,8.39294,0.373951,0.284963,0.567517,0,0.0591976,8.98403,0,8.82021,3.00954,2.71781,0.591183,0,-1.44944,0,15.1387,,,,,,,,,,,,,,,
2025-11-11 23:23:57,"MF8Unit_2Story_NGAS-CZ12","MF8 Restructure Prototype","SACRAMENTO EXECUTIVE","Metrics 2025 (Oct 2022)",7320,7320,"Title24Compliance",0:37,FAIL,-4.49,"--","--","CSE Successful",1041.31,1652.28,2418.11,0,142.222,582.301,0,-18831,12062.1,5701.76,2097.56,0,-24667.2,0,1030.38,0,0,0,0,0,716.06,0,716.06,0,299.605,0,0,1015.67,0,0,0,0,0,0,0,0,0,0,0,0,0,1.18636,1.75298,2.30881,0,0.149134,12.2285,0,0,0.456386,11.3766,10.0402,2.08781,0,-17.1694,0,23.961,7.37553,16.5855,0,0,,0,0,,0,,,,"--","--","CSE Successful",730.756,1912.92,2420.58,0,146.606,8428.93,0,-11007.3,12062.1,5728.1,2097.56,0,-24647.1,0,8880.46,0,0,0,0,0,0,0,0,0,299.605,0,0,299.605,0,0,0,0,0,0,0,0,0,0,0,0,0,0.845135,1.98963,2.30331,0,0.153861,7.84393,0,-4.01945,11.3766,10.0624,2.08781,0,-17.1553,0,19.5074,14.628,4.87944,0,0,,0,0,,0,0.411424,0.0616972,0.3,0,0.0351766,0.0498857,0,0.817372,1.45782,0.50755,0.243169,0,-0.0408112,0,3.02591,0.309401,0.0697174,0.286189,0,0.0364366,0.959788,0,1.62075,1.45782,0.509611,0.243169,0,-0.0407778,0,3.83135,"CBECC 2025.2.0 (1394)","BEMCmpMgr 2025.2.0 (605)","CA 2025 Nonresidential, Vers. 1.0","","","CSE 0.927.0 EXE","E:\CBECC\2025.2.0_11102025\CBECC 2025 Data\EPW25\","R:\32185Wilcox\2025 CBECC MF\TDS\2.0-11102025\MultiFamilyStandardModelTests\",,,0.193087,0.10016,0.225152,0,0.0224197,0.0493487,0,0.03,1.1656,0.484194,0.228966,0,-0.561831,0,1.91,0,0,0,0,0,4.30001,0,4.3,0,1.79916,0,0,6.1,0.139554,0.112577,0.219437,0,0.0231566,0.869284,0,0.8,1.1656,0.48619,0.228966,0,-0.561371,0,2.69,0,0,0,0,0,0,0,0,0,1.79916,0,0,1.8,0.498544,0.25861,0.581336,0,0.057887,8.98399,0,8.92974,3.00954,4.95583,0.591183,0,-1.45063,0,17.4863,0.360324,0.290671,0.566579,0,0.0597898,8.98403,0,8.81195,3.00954,4.96099,0.591183,0,-1.44944,0,17.3737,,,,,,,,,,,,,,,
